time,"No,1","No,2","No,3","No,4","No,5","No,6","No,7","No,8","No,9","No,10","No,11","No,12","No,13","No,14","No,15"
0.10299992561340332,0.6791818352268065,0.6791818352268065,0.6821768194351565,0,0.6973510135774013,0,0,0.6791818352268065,0,0,0,0.7097330335727633,0,0,0.6821768194351565
0.20300006866455078,0.6791818352268065,0.6791818352268065,0.6791818352268065,0,0.6942894095858282,0,0,0.6791818352268065,0,0,0,0.7097330335727633,0,0,0.6821768194351565
0.30099987983703613,0.6791818352268065,0.6791818352268065,0.6791818352268065,0,0.6912412470589104,0,0,0.6791818352268065,0,0,0,0.7097330335727633,0,0,0.6791818352268065
0.40000009536743164,0.6791818352268065,0.6791818352268065,0.6821768194351565,0,0.6942894095858282,0,0,0.6791818352268065,0,0,0,0.7128627392236585,0,0,0.6821768194351565
0.502000093460083,0.6791818352268065,0.6821768194351565,0.6821768194351565,0,0.6942894095858282,0,0,0.6791818352268065,0,0,0,0.7097330335727633,0,0,0.6851850106080379
0.6019999980926514,0.6791818352268065,0.6791818352268065,0.6791818352268065,0,0.6942894095858282,0,0,0.6791818352268065,0,0,0,0.7097330335727633,0,0,0.6821768194351565
0.7019999027252197,0,0.6821768194351565,0.6821768194351565,0,0.6912412470589104,0,0,0,0,0,0,0.7097330335727633,0,0,0.6791818352268065
0.8009998798370361,0.6791818352268065,0.6821768194351565,0.6791818352268065,0,0.6942894095858282,0,0,0.6791818352268065,0,0,0,0.7097330335727633,0,0,0.6821768194351565
0.9010000228881836,0.6791818352268065,0.6821768194351565,0.6791818352268065,0,0.6973510135774013,0,0,0,0,0,0,0.7128627392236585,0,0,0.6791818352268065
1.000999927520752,0.6791818352268065,0.6791818352268065,0.6821768194351565,0,0.6942894095858282,0,0,0.6791818352268065,0,0,0,0.7097330335727633,0,0,0.6821768194351565
1.1050000190734863,0.6791818352268065,0.6821768194351565,0.6821768194351565,0,0.6942894095858282,0,0,0.6791818352268065,0,0,0,0.7128627392236585,0,0,0.6791818352268065
1.2039999961853027,0,0.6791818352268065,0.6791818352268065,0,0.6942894095858282,0,0,0.6791818352268065,0,0,0,0.7097330335727633,0,0,0.6791818352268065
1.3020000457763672,0.6791818352268065,0.6791818352268065,0.6791818352268065,0,0.6942894095858282,0,0,0.6791818352268065,0,0,0,0.7128627392236585,0,0,0.6791818352268065
1.4029998779296875,0.6791818352268065,0.6821768194351565,0.6791818352268065,0,0.6942894095858282,0,0,0,0,0,0,0.7097330335727633,0,0,0.6821768194351565
1.500999927520752,0.6791818352268065,0.6791818352268065,0.6791818352268065,0,0.6942894095858282,0,0,0.6791818352268065,0,0,0,0.7128627392236585,0,0,0.6821768194351565
1.6010000705718994,0,0.6821768194351565,0.6791818352268065,0,0.6942894095858282,0,0,0.6791818352268065,0,0,0,0.7097330335727633,0,0,0.6851850106080379
1.7060000896453857,0.6791818352268065,0.6791818352268065,0.6791818352268065,0,0.6942894095858282,0,0,0.6791818352268065,0,0,0,0.7097330335727633,0,0,0.6791818352268065
1.8029999732971191,0.6791818352268065,0.6791818352268065,0.6821768194351565,0,0.6942894095858282,0,0,0,0,0,0,0.7097330335727633,0,0,0.6791818352268065
1.9000000953674316,0.6791818352268065,0.6791818352268065,0.6791818352268065,0,0.6942894095858282,0,0,0,0,0,0,0.7097330335727633,0,0,0.6791818352268065
2.000999927520752,0.6791818352268065,0.6821768194351565,0.6791818352268065,0,0.6942894095858282,0,0,0,0,0,0,0.7128627392236585,0,0,0.6821768194351565
2.1019999980926514,0.6791818352268065,0.6821768194351565,0.6821768194351565,0,0.6973510135774013,0,0,0.6791818352268065,0,0,0,0.7097330335727633,0,0,0.6821768194351565
2.200000047683716,0.6791818352268065,0.6791818352268065,0.6791818352268065,0,0.6942894095858282,0,0,0.6791818352268065,0,0,0,0.7097330335727633,0,0,0.6821768194351565
2.302999973297119,0.6791818352268065,0.6821768194351565,0.6791818352268065,0,0.6942894095858282,0,0,0.6791818352268065,0,0,0,0.7097330335727633,0,0,0.6821768194351565
2.4040000438690186,0,0.6791818352268065,0,0,0.6973510135774013,0,0,0.6791818352268065,0,0,0,0.7097330335727633,0,0,0.6821768194351565
2.500999927520752,0.6791818352268065,0.6821768194351565,0.6821768194351565,0,0.6912412470589104,0,0,0,0,0,0,0.7097330335727633,0,0,0.6821768194351565
2.6019999980926514,0,0.6821768194351565,0.6791818352268065,0,0.6942894095858282,0,0,0.6791818352268065,0,0,0,0.7097330335727633,0,0,0.6791818352268065
2.7009999752044678,0.6791818352268065,0.6791818352268065,0.6791818352268065,0,0.6942894095858282,0,0,0,0,0,0,0.7097330335727633,0,0,0.6791818352268065
2.800999879837036,0.6791818352268065,0.6791818352268065,0.6821768194351565,0,0.6942894095858282,0,0,0.6791818352268065,0,0,0,0.7066170683755658,0,0,0.6821768194351565
2.9019999504089355,0,0.6821768194351565,0.6791818352268065,0,0.6942894095858282,0,0,0,0,0,0,0.7097330335727633,0,0,0.6791818352268065
3.000999927520752,0.6821768194351565,0.6821768194351565,0.6821768194351565,0,0.6973510135774013,0,0,0,0,0,0,0.7097330335727633,0,0,0.6791818352268065
3.1010000705718994,0.6791818352268065,0.6821768194351565,0.6821768194351565,0.6791818352268065,0.6973510135774013,0,0,0.6791818352268065,0,0,0,0.7128627392236585,0,0,0.6821768194351565
3.2019999027252197,0,0.6821768194351565,0.6791818352268065,0,0.6973510135774013,0,0,0.6791818352268065,0,0,0,0.7097330335727633,0,0,0.6791818352268065
3.302999973297119,0,0.6791818352268065,0.6791818352268065,0,0.6942894095858282,0,0,0.6791818352268065,0,0,0,0.7128627392236585,0,0,0.6821768194351565
3.4010000228881836,0,0.6791818352268065,0.6791818352268065,0,0.6942894095858282,0,0,0.6791818352268065,0,0,0,0.7097330335727633,0,0,0.6821768194351565
3.503999948501587,0,0.6851850106080379,0.6791818352268065,0.6791818352268065,0.6973510135774013,0,0,0.6791818352268065,0,0,0,0.7128627392236585,0,0,0.6791818352268065
3.6019999980926514,0.6791818352268065,0.6791818352268065,0.6791818352268065,0,0.6942894095858282,0,0,0.6791818352268065,0,0,0,0.7097330335727633,0,0,0.6821768194351565
3.703000068664551,0.6791818352268065,0.6791818352268065,0.6791818352268065,0,0.6942894095858282,0,0,0.6791818352268065,0,0,0,0.7097330335727633,0,0,0.6821768194351565
3.802999973297119,0.6791818352268065,0.6791818352268065,0,0,0.6912412470589104,0,0,0.6791818352268065,0,0,0,0.7097330335727633,0,0,0.6821768194351565
3.9019999504089355,0.6791818352268065,0.6821768194351565,0.6791818352268065,0,0.6942894095858282,0,0,0,0,0,0,0.7097330335727633,0,0,0.6791818352268065
4.000999927520752,0,0,0.6851850106080379,0,0.6942894095858282,0,0,0.6791818352268065,0,0,0,0.7128627392236585,0,0,0.6821768194351565
4.101999998092651,0.6791818352268065,0.6851850106080379,0.6791818352268065,0,0.6942894095858282,0,0,0,0,0,0,0.7097330335727633,0,0,0.6821768194351565
4.200000047683716,0.6791818352268065,0.6791818352268065,0.6791818352268065,0,0.6942894095858282,0,0,0.6791818352268065,0,0,0,0.7097330335727633,0,0,0.6791818352268065
4.300999879837036,0.6791818352268065,0.6791818352268065,0.6791818352268065,0.6791818352268065,0.6942894095858282,0,0,0.6791818352268065,0,0,0,0.7097330335727633,0,0,0.6791818352268065
4.400000095367432,0,0.6791818352268065,0.6791818352268065,0,0.6912412470589104,0,0,0,0,0,0,0.7128627392236585,0,0,0.6821768194351565
4.5,0,0.6791818352268065,0.6821768194351565,0,0.6973510135774013,0,0,0.6791818352268065,0,0,0,0.7097330335727633,0,0,0.6821768194351565
4.601999998092651,0.6791818352268065,0.6791818352268065,0.6791818352268065,0,0.6912412470589104,0,0,0,0,0,0,0.7097330335727633,0,0,0.6821768194351565
4.700999975204468,0.6791818352268065,0.6821768194351565,0.6791818352268065,0,0.6942894095858282,0,0,0.6791818352268065,0,0,0,0.7097330335727633,0,0,0.6821768194351565
4.802000045776367,0.6791818352268065,0.6821768194351565,0.6791818352268065,0,0.6942894095858282,0,0,0,0,0,0,0.7097330335727633,0,0,0.6821768194351565
4.900000095367432,0.6791818352268065,0.6791818352268065,0.6791818352268065,0,0.6973510135774013,0,0,0.6791818352268065,0,0,0,0.7097330335727633,0,0,0.6821768194351565
5.0,0.6791818352268065,0.6821768194351565,0.6791818352268065,0,0.6942894095858282,0,0,0,0,0,0,0.7097330335727633,0,0,0.6821768194351565
5.101999998092651,0.6791818352268065,0.6791818352268065,0.6821768194351565,0,0.6973510135774013,0,0,0.6791818352268065,0,0,0,0.7097330335727633,0,0,0.6791818352268065
5.200000047683716,0.6791818352268065,0.6821768194351565,0.6791818352268065,0,0.6942894095858282,0,0,0.6791818352268065,0,0,0,0.7128627392236585,0,0,0.6821768194351565
5.303999900817871,0.6791818352268065,0.6791818352268065,0.6791818352268065,0,0.6973510135774013,0,0,0,0,0,0,0.7097330335727633,0,0,0.6821768194351565
5.401000022888184,0.6791818352268065,0.6791818352268065,0.6791818352268065,0,0.6973510135774013,0,0,0.6791818352268065,0,0,0,0.7128627392236585,0,0,0.6821768194351565
5.500999927520752,0,0.6791818352268065,0.6791818352268065,0,0.6942894095858282,0,0,0.6791818352268065,0,0,0,0.7097330335727633,0,0,0.6821768194351565
5.602999925613403,0,0.6821768194351565,0.6791818352268065,0,0.6973510135774013,0,0,0.6791818352268065,0,0,0,0.7128627392236585,0,0,0.6821768194351565
5.700999975204468,0.6791818352268065,0.6791818352268065,0.6791818352268065,0,0.6942894095858282,0,0,0,0,0,0,0.7128627392236585,0,0,0.6821768194351565
5.803999900817871,0.6791818352268065,0.6791818352268065,0.6791818352268065,0,0.6942894095858282,0,0,0.6791818352268065,0,0,0,0.7097330335727633,0,0,0.6821768194351565
5.901000022888184,0.6791818352268065,0.6821768194351565,0.6791818352268065,0,0.6942894095858282,0,0,0,0,0,0,0.7097330335727633,0,0,0.6791818352268065
6.002000093460083,0.6791818352268065,0.6791818352268065,0.6821768194351565,0,0.6942894095858282,0,0,0.6791818352268065,0,0,0,0.7097330335727633,0,0,0.6821768194351565
6.101999998092651,0,0.6791818352268065,0.6791818352268065,0,0.6942894095858282,0,0,0,0,0,0,0.7097330335727633,0,0,0.6821768194351565
6.203000068664551,0.6791818352268065,0.6791818352268065,0.6791818352268065,0,0.6973510135774013,0,0,0.6791818352268065,0,0,0,0.7097330335727633,0,0,0.6821768194351565
6.302000045776367,0.6791818352268065,0.6791818352268065,0.6791818352268065,0,0.6942894095858282,0,0,0.6821768194351565,0,0,0,0.7097330335727633,0,0,0.6821768194351565
6.400000095367432,0.6791818352268065,0.6821768194351565,0.6791818352268065,0,0.6942894095858282,0,0,0,0,0,0,0.7097330335727633,0,0,0.6821768194351565
6.5,0.6791818352268065,0.6791818352268065,0.6791818352268065,0,0.6942894095858282,0,0,0.6791818352268065,0,0,0,0.7128627392236585,0,0,0.6821768194351565
6.601999998092651,0.6791818352268065,0.6791818352268065,0.6791818352268065,0,0.6942894095858282,0,0,0,0,0,0,0.7097330335727633,0,0,0.6821768194351565
6.700999975204468,0,0.6821768194351565,0.6791818352268065,0,0.6942894095858282,0,0,0,0,0,0,0.7097330335727633,0,0,0.6821768194351565
6.82699990272522,0,0.6791818352268065,0.6791818352268065,0,0.6942894095858282,0,0,0.6791818352268065,0,0,0,0.7097330335727633,0,0,0.6791818352268065
6.9029998779296875,0.6791818352268065,0.6821768194351565,0.6791818352268065,0,0.6942894095858282,0,0,0.6791818352268065,0,0,0,0.7097330335727633,0,0,0.6821768194351565
7.003000020980835,0.6791818352268065,0.6821768194351565,0.6821768194351565,0,0.6942894095858282,0,0,0,0,0,0,0.7097330335727633,0,0,0.6791818352268065
7.101999998092651,0.6821768194351565,0.6821768194351565,0.6821768194351565,0,0.6942894095858282,0,0,0,0,0,0,0.7097330335727633,0,0,0.6791818352268065
7.20199990272522,0.6821768194351565,0.6821768194351565,0.6821768194351565,0,0.6942894095858282,0,0,0,0,0,0,0.7097330335727633,0,0,0.6791818352268065
7.302000045776367,0,0.6851850106080379,0.6791818352268065,0.6791818352268065,0.6942894095858282,0,0,0.6791818352268065,0,0,0,0.7097330335727633,0,0,0.6821768194351565
7.400000095367432,0.6791818352268065,0.6791818352268065,0.6791818352268065,0,0.6973510135774013,0,0,0.6791818352268065,0,0,0,0.7097330335727633,0,0,0.6821768194351565
7.502000093460083,0.6791818352268065,0.6791818352268065,0.6791818352268065,0,0.6942894095858282,0,0,0.6791818352268065,0,0,0,0.7128627392236585,0,0,0.6821768194351565
7.602999925613403,0,0.6821768194351565,0.6791818352268065,0,0.6912412470589104,0,0,0.6791818352268065,0,0,0,0.7097330335727633,0,0,0.6821768194351565
7.700000047683716,0,0.6821768194351565,0.6791818352268065,0,0.6942894095858282,0,0,0.6791818352268065,0,0,0,0.7128627392236585,0,0,0.6821768194351565
7.803999900817871,0.6791818352268065,0.6821768194351565,0.6821768194351565,0,0.6942894095858282,0,0,0.6791818352268065,0,0,0,0.7097330335727633,0,0,0.6821768194351565
7.9040000438690186,0.6791818352268065,0.6821768194351565,0.6791818352268065,0,0.6942894095858282,0,0,0,0,0,0,0.7097330335727633,0,0,0.6821768194351565
8.003000020980835,0.6791818352268065,0.6821768194351565,0.6791818352268065,0,0.6942894095858282,0,0,0,0,0,0,0.7097330335727633,0,0,0.6791818352268065
8.1010000705719,0.6791818352268065,0.6791818352268065,0.6791818352268065,0,0.6942894095858282,0,0,0.6791818352268065,0,0,0,0.7097330335727633,0,0,0.6821768194351565
8.200000047683716,0.6791818352268065,0.6791818352268065,0.6791818352268065,0,0.6912412470589104,0,0,0.6791818352268065,0,0,0,0.7097330335727633,0,0,0.6791818352268065
8.302000045776367,0.6791818352268065,0.6791818352268065,0.6791818352268065,0,0.6973510135774013,0,0,0.6791818352268065,0,0,0,0.7097330335727633,0,0,0.6821768194351565
8.400000095367432,0.6791818352268065,0.6791818352268065,0.6791818352268065,0,0.6942894095858282,0,0,0.6791818352268065,0,0,0,0.7097330335727633,0,0,0.6821768194351565
8.500999927520752,0.6791818352268065,0.6821768194351565,0.6791818352268065,0,0.6942894095858282,0,0,0.6791818352268065,0,0,0,0.7097330335727633,0,0,0.6821768194351565
8.602999925613403,0.6791818352268065,0.6791818352268065,0.6791818352268065,0,0.6942894095858282,0,0,0.6791818352268065,0,0,0,0.7128627392236585,0,0,0.6791818352268065
8.700999975204468,0.6791818352268065,0.6791818352268065,0.6821768194351565,0,0.6973510135774013,0,0,0.6791818352268065,0,0,0,0.7097330335727633,0,0,0.6821768194351565
8.800999879837036,0.6791818352268065,0.6821768194351565,0.6791818352268065,0,0.6942894095858282,0,0,0.6791818352268065,0,0,0,0.7097330335727633,0,0,0.6791818352268065
8.901999950408936,0.6791818352268065,0.6791818352268065,0.6791818352268065,0,0.6942894095858282,0,0,0.6791818352268065,0,0,0,0.7097330335727633,0,0,0.6791818352268065
9.002000093460083,0.6791818352268065,0.6821768194351565,0.6791818352268065,0,0.6942894095858282,0,0,0.6791818352268065,0,0,0,0.7097330335727633,0,0,0.6821768194351565
9.1010000705719,0.6791818352268065,0.6821768194351565,0.6821768194351565,0,0.6973510135774013,0,0,0,0,0,0,0.7097330335727633,0,0,0.6791818352268065
9.200999975204468,0.6791818352268065,0.6791818352268065,0.6821768194351565,0,0.6973510135774013,0,0,0,0,0,0,0.7097330335727633,0,0,0.6821768194351565
9.303999900817871,0.6791818352268065,0.6821768194351565,0.6791818352268065,0,0.6942894095858282,0,0,0,0,0,0,0.7097330335727633,0,0,0.6821768194351565
9.401999950408936,0.6791818352268065,0.6821768194351565,0.6791818352268065,0,0.6973510135774013,0,0,0.6791818352268065,0,0,0,0.7097330335727633,0,0,0.6821768194351565
9.500999927520752,0.6791818352268065,0.6791818352268065,0.6791818352268065,0,0.6942894095858282,0,0,0.6791818352268065,0,0,0,0.7128627392236585,0,0,0.6821768194351565
9.601999998092651,0,0.6791818352268065,0.6791818352268065,0,0.6942894095858282,0,0,0.6791818352268065,0,0,0,0.7097330335727633,0,0,0.6791818352268065
9.700000047683716,0,0.6791818352268065,0.6791818352268065,0,0.6942894095858282,0,0,0,0,0,0,0.7128627392236585,0,0,0.6821768194351565
9.800999879837036,0.6791818352268065,0.6821768194351565,0.6821768194351565,0,0.6942894095858282,0,0,0.6791818352268065,0,0,0,0.7097330335727633,0,0,0.6821768194351565
9.901000022888184,0,0.6821768194351565,0.6791818352268065,0,0.6942894095858282,0,0,0.6791818352268065,0,0,0,0.7097330335727633,0,0,0.6821768194351565
10.000999927520752,0.6791818352268065,0.6821768194351565,0.6791818352268065,0,0.6942894095858282,0,0,0,0,0,0,0.7097330335727633,0,0,0.6791818352268065
10.102999925613403,0.6791818352268065,0.6821768194351565,0.6791818352268065,0,0.6942894095858282,0,0,0.6791818352268065,0,0,0,0.7097330335727633,0,0,0.6821768194351565
10.200999975204468,0.6791818352268065,0.6821768194351565,0.6791818352268065,0,0.6942894095858282,0,0,0,0,0,0,0.7128627392236585,0,0,0.6821768194351565
10.30299997329712,0.6791818352268065,0.6821768194351565,0.6821768194351565,0,0.6973510135774013,0,0,0.6791818352268065,0,0,0,0.7097330335727633,0,0,0.6821768194351565
10.401999950408936,0.6791818352268065,0.6791818352268065,0.6791818352268065,0,0.6942894095858282,0,0,0.6791818352268065,0,0,0,0.7097330335727633,0,0,0.6821768194351565
10.504999876022339,0.6791818352268065,0.6821768194351565,0.6791818352268065,0,0.6942894095858282,0,0,0.6791818352268065,0,0,0,0.7097330335727633,0,0,0.6821768194351565
10.601999998092651,0.6791818352268065,0.6791818352268065,0.6791818352268065,0,0.6973510135774013,0,0,0.6791818352268065,0,0,0,0.7128627392236585,0,0,0.6821768194351565
10.700999975204468,0.6791818352268065,0.6821768194351565,0.6791818352268065,0,0.6942894095858282,0,0,0.6791818352268065,0,0,0,0.7097330335727633,0,0,0.6851850106080379
10.80299997329712,0,0.6821768194351565,0.6791818352268065,0,0.6942894095858282,0,0,0.6791818352268065,0,0,0,0.7128627392236585,0,0,0.6821768194351565
10.900000095367432,0,0.6821768194351565,0.6791818352268065,0,0.6942894095858282,0,0,0.6791818352268065,0,0,0,0.7128627392236585,0,0,0.6821768194351565
11.0,0.6791818352268065,0.6821768194351565,0.6791818352268065,0,0.6942894095858282,0,0,0,0,0,0,0.7066170683755658,0,0,0.6821768194351565
11.101999998092651,0.6791818352268065,0.6791818352268065,0.6791818352268065,0,0.6942894095858282,0,0,0.6791818352268065,0,0,0,0.7097330335727633,0,0,0.6821768194351565
11.200000047683716,0.6791818352268065,0.6821768194351565,0.6791818352268065,0,0.6973510135774013,0,0,0,0,0,0,0.7097330335727633,0,0,0.6791818352268065
11.300999879837036,0.6821768194351565,0.6791818352268065,0.6821768194351565,0,0.6942894095858282,0,0,0.6791818352268065,0,0,0,0.7097330335727633,0,0,0.6821768194351565
11.400000095367432,0.6791818352268065,0.6821768194351565,0.6791818352268065,0,0.6942894095858282,0,0,0.6791818352268065,0,0,0,0.7097330335727633,0,0,0.6821768194351565
11.500999927520752,0.6791818352268065,0.6791818352268065,0.6791818352268065,0,0.6973510135774013,0,0,0,0,0,0,0.7097330335727633,0,0,0.6821768194351565
11.602999925613403,0.6791818352268065,0.6791818352268065,0.6791818352268065,0,0.6942894095858282,0,0,0.6791818352268065,0,0,0,0.7097330335727633,0,0,0.6791818352268065
11.700000047683716,0,0.6791818352268065,0.6791818352268065,0,0.6912412470589104,0,0,0.6791818352268065,0,0,0,0.7097330335727633,0,0,0.6821768194351565
11.802000045776367,0.6791818352268065,0.6791818352268065,0.6791818352268065,0,0.6942894095858282,0,0,0.6791818352268065,0,0,0,0.7128627392236585,0,0,0.6791818352268065
11.900000095367432,0.6791818352268065,0.6821768194351565,0.6821768194351565,0,0.6973510135774013,0,0,0.6791818352268065,0,0,0,0.7097330335727633,0,0,0.6821768194351565
12.0,0.6791818352268065,0.6821768194351565,0.6821768194351565,0.6791818352268065,0.6942894095858282,0,0,0,0,0,0,0.7097330335727633,0,0,0.6821768194351565
12.1010000705719,0.6791818352268065,0.6791818352268065,0.6821768194351565,0,0.6942894095858282,0,0,0.6791818352268065,0,0,0,0.7128627392236585,0,0,0.6821768194351565
12.200999975204468,0.6791818352268065,0.6791818352268065,0.6821768194351565,0,0.6942894095858282,0,0,0.6791818352268065,0,0,0,0.7097330335727633,0,0,0.6821768194351565
12.300999879837036,0.6791818352268065,0.6821768194351565,0.6791818352268065,0,0.6973510135774013,0,0,0,0,0,0,0.7097330335727633,0,0,0.6791818352268065
12.400000095367432,0.6791818352268065,0.6821768194351565,0.6791818352268065,0,0.6973510135774013,0,0,0.6791818352268065,0,0,0,0.7097330335727633,0,0,0.6821768194351565
12.5,0.6791818352268065,0.6821768194351565,0.6791818352268065,0,0.6942894095858282,0,0,0,0,0,0,0.7097330335727633,0,0,0.6821768194351565
12.6010000705719,0.6791818352268065,0.6791818352268065,0.6791818352268065,0,0.6973510135774013,0,0,0.6791818352268065,0,0,0,0.7097330335727633,0,0,0.6821768194351565
12.700999975204468,0.6821768194351565,0.6791818352268065,0.6791818352268065,0,0.6942894095858282,0,0,0.6791818352268065,0,0,0,0.7128627392236585,0,0,0.6821768194351565
12.802000045776367,0,0.6791818352268065,0.6791818352268065,0,0.6942894095858282,0,0,0.6791818352268065,0,0,0,0.7097330335727633,0,0,0.6821768194351565
12.900000095367432,0.6791818352268065,0.6791818352268065,0.6791818352268065,0,0.6942894095858282,0,0,0,0,0,0,0.7128627392236585,0,0,0.6821768194351565
13.000999927520752,0,0.6791818352268065,0.6821768194351565,0,0.6942894095858282,0,0,0.6791818352268065,0,0,0,0.7097330335727633,0,0,0.6821768194351565
13.1010000705719,0.6791818352268065,0.6821768194351565,0.6791818352268065,0,0.6942894095858282,0,0,0,0,0,0,0.7097330335727633,0,0,0.6821768194351565
13.200000047683716,0.6791818352268065,0.6791818352268065,0.6791818352268065,0,0.6942894095858282,0,0,0.6791818352268065,0,0,0,0.7128627392236585,0,0,0.6791818352268065
13.300999879837036,0.6791818352268065,0.6791818352268065,0.6791818352268065,0,0.6942894095858282,0,0,0.6791818352268065,0,0,0,0.7128627392236585,0,0,0.6791818352268065
13.401000022888184,0.6791818352268065,0.6821768194351565,0.6791818352268065,0,0.6942894095858282,0,0,0.6791818352268065,0,0,0,0.7066170683755658,0,0,0.6821768194351565
13.502000093460083,0,0.6791818352268065,0.6791818352268065,0,0.6973510135774013,0,0,0,0,0,0,0.7097330335727633,0,0,0.6821768194351565
13.6010000705719,0.6791818352268065,0.6791818352268065,0.6791818352268065,0,0.6942894095858282,0,0,0.6821768194351565,0,0,0,0.7097330335727633,0,0,0.6791818352268065
13.700999975204468,0.6791818352268065,0.6821768194351565,0.6791818352268065,0,0.6942894095858282,0,0,0.6791818352268065,0,0,0,0.7097330335727633,0,0,0.6791818352268065
13.80299997329712,0,0.6791818352268065,0.6791818352268065,0,0.6942894095858282,0,0,0.6791818352268065,0,0,0,0.7097330335727633,0,0,0.6821768194351565
13.900000095367432,0.6791818352268065,0.6821768194351565,0.6821768194351565,0,0.6942894095858282,0,0,0.6791818352268065,0,0,0,0.7097330335727633,0,0,0.6851850106080379
14.0,0,0.6821768194351565,0.6791818352268065,0.6791818352268065,0.6942894095858282,0,0,0.6791818352268065,0,0,0,0.7128627392236585,0,0,0.6821768194351565
14.1010000705719,0.6791818352268065,0.6821768194351565,0.6791818352268065,0,0.6942894095858282,0,0,0,0,0,0,0.7128627392236585,0,0,0.6791818352268065
14.200000047683716,0.6791818352268065,0.6821768194351565,0.6821768194351565,0,0.6942894095858282,0,0,0,0,0,0,0.7097330335727633,0,0,0.6791818352268065
14.30299997329712,0.6791818352268065,0.6821768194351565,0.6821768194351565,0,0.6942894095858282,0,0,0,0,0,0,0.7097330335727633,0,0,0.6791818352268065
14.400000095367432,0.6791818352268065,0.6821768194351565,0.6791818352268065,0,0.6942894095858282,0,0,0,0,0,0,0.7097330335727633,0,0,0.6821768194351565
14.5,0.6791818352268065,0.6791818352268065,0.6851850106080379,0,0.6942894095858282,0,0,0,0,0,0,0.7128627392236585,0,0,0.6821768194351565
14.602999925613403,0,0.6821768194351565,0.6791818352268065,0,0.6942894095858282,0,0,0.6791818352268065,0,0,0,0.7097330335727633,0,0,0.6791818352268065
14.700000047683716,0.6791818352268065,0.6821768194351565,0.6791818352268065,0,0.6973510135774013,0,0,0,0,0,0,0.7097330335727633,0,0,0.6821768194351565
14.800999879837036,0.6791818352268065,0.6791818352268065,0.6821768194351565,0,0.6942894095858282,0,0,0.6791818352268065,0,0,0,0.7128627392236585,0,0,0.6791818352268065
14.901000022888184,0.6791818352268065,0.6791818352268065,0.6791818352268065,0,0.6912412470589104,0,0,0.6821768194351565,0,0,0,0.7097330335727633,0,0,0.6821768194351565
15.0,0.6791818352268065,0.6791818352268065,0.6791818352268065,0,0.6942894095858282,0,0,0,0,0,0,0.7097330335727633,0,0,0.6821768194351565
15.101999998092651,0.6791818352268065,0.6791818352268065,0.6791818352268065,0,0.6942894095858282,0,0,0,0,0,0,0.7128627392236585,0,0,0.6851850106080379
15.200000047683716,0,0.6821768194351565,0,0,0.6942894095858282,0,0,0.6791818352268065,0,0,0,0.7097330335727633,0,0,0.6821768194351565
15.302000045776367,0.6791818352268065,0.6791818352268065,0,0,0.6942894095858282,0,0,0,0,0,0,0.7097330335727633,0,0,0.6791818352268065
15.400000095367432,0.6791818352268065,0.6791818352268065,0.6791818352268065,0,0.6973510135774013,0,0,0,0,0,0,0.7097330335727633,0,0,0.6821768194351565
15.5,0.6791818352268065,0.6821768194351565,0.6791818352268065,0,0.6942894095858282,0,0,0,0,0,0,0.7097330335727633,0,0,0.6791818352268065
15.601999998092651,0.6791818352268065,0.6821768194351565,0.6821768194351565,0,0.6973510135774013,0,0,0.6791818352268065,0,0,0,0.7097330335727633,0,0,0.6791818352268065
15.70199990272522,0.6791818352268065,0.6791818352268065,0.6821768194351565,0,0.6942894095858282,0,0,0.6791818352268065,0,0,0,0.7097330335727633,0,0,0.6821768194351565
15.80299997329712,0,0.6791818352268065,0.6791818352268065,0,0.6942894095858282,0,0,0,0,0,0,0.7097330335727633,0,0,0.6821768194351565
15.900000095367432,0.6791818352268065,0.6791818352268065,0.6791818352268065,0,0.6942894095858282,0,0,0.6791818352268065,0,0,0,0.7128627392236585,0,0,0.6821768194351565
16.0,0.6791818352268065,0.6791818352268065,0.6791818352268065,0,0.6942894095858282,0,0,0.6791818352268065,0,0,0,0.7097330335727633,0,0,0.6821768194351565
16.10199999809265,0,0.6821768194351565,0.6791818352268065,0.6791818352268065,0.6942894095858282,0,0,0,0,0,0,0.7128627392236585,0,0,0.6791818352268065
16.200000047683716,0.6791818352268065,0.6821768194351565,0.6791818352268065,0,0.6942894095858282,0,0,0.6791818352268065,0,0,0,0.7066170683755658,0,0,0.6821768194351565
16.300999879837036,0,0.6821768194351565,0.6791818352268065,0,0.6942894095858282,0,0,0.6791818352268065,0,0,0,0.7097330335727633,0,0,0.6821768194351565
16.40000009536743,0,0.6821768194351565,0.6791818352268065,0,0.6973510135774013,0,0,0,0,0,0,0.7097330335727633,0,0,0.6791818352268065
16.502000093460083,0.6791818352268065,0.6791818352268065,0.6821768194351565,0,0.6942894095858282,0,0,0.6791818352268065,0,0,0,0.7097330335727633,0,0,0.6821768194351565
16.6010000705719,0.6791818352268065,0.6821768194351565,0.6791818352268065,0,0.6942894095858282,0,0,0,0,0,0,0.7097330335727633,0,0,0.6821768194351565
16.700999975204468,0.6791818352268065,0.6821768194351565,0.6791818352268065,0,0.6973510135774013,0,0,0,0,0,0,0.7097330335727633,0,0,0.6821768194351565
16.805999994277954,0.6791818352268065,0.6791818352268065,0.6791818352268065,0,0.6942894095858282,0,0,0.6791818352268065,0,0,0,0.7097330335727633,0,0,0.6791818352268065
16.901999950408936,0,0.6791818352268065,0.6791818352268065,0,0.6942894095858282,0,0,0.6791818352268065,0,0,0,0.7097330335727633,0,0,0.6821768194351565
17.000999927520752,0,0.6791818352268065,0.6821768194351565,0,0.6942894095858282,0,0,0.6791818352268065,0,0,0,0.7128627392236585,0,0,0.6821768194351565
17.104000091552734,0.6791818352268065,0.6821768194351565,0.6791818352268065,0,0.6942894095858282,0,0,0.6791818352268065,0,0,0,0.7097330335727633,0,0,0.6821768194351565
17.200000047683716,0.6791818352268065,0.6821768194351565,0.6791818352268065,0,0.6942894095858282,0,0,0,0,0,0,0.7097330335727633,0,0,0.6791818352268065
17.30299997329712,0.6791818352268065,0.6821768194351565,0.6791818352268065,0,0.6973510135774013,0,0,0,0,0,0,0.7097330335727633,0,0,0.6791818352268065
17.40000009536743,0.6791818352268065,0.6791818352268065,0.6791818352268065,0,0.6942894095858282,0,0,0.6791818352268065,0,0,0,0.7128627392236585,0,0,0.6821768194351565
17.5,0.6791818352268065,0.6821768194351565,0.6791818352268065,0,0.6942894095858282,0,0,0.6791818352268065,0,0,0,0.7097330335727633,0,0,0.6791818352268065
17.604000091552734,0.6791818352268065,0.6791818352268065,0.6791818352268065,0,0.6973510135774013,0,0,0.6791818352268065,0,0,0,0.7097330335727633,0,0,0.6821768194351565
17.70199990272522,0.6791818352268065,0.6791818352268065,0.6791818352268065,0,0.6942894095858282,0,0,0.6791818352268065,0,0,0,0.7097330335727633,0,0,0.6821768194351565
17.800999879837036,0.6791818352268065,0.6791818352268065,0.6791818352268065,0,0.6942894095858282,0,0,0.6791818352268065,0,0,0,0.7097330335727633,0,0,0.6821768194351565
17.90000009536743,0.6791818352268065,0.6791818352268065,0.6791818352268065,0,0.6942894095858282,0,0,0.6791818352268065,0,0,0,0.7097330335727633,0,0,0.6821768194351565
18.000999927520752,0,0.6821768194351565,0.6791818352268065,0,0.6942894095858282,0,0,0.6791818352268065,0,0,0,0.7128627392236585,0,0,0
18.1010000705719,0,0.6821768194351565,0.6791818352268065,0,0.6942894095858282,0,0,0,0,0,0,0.7066170683755658,0,0,0.6821768194351565
18.200999975204468,0,0.6791818352268065,0,0,0.6973510135774013,0,0,0.6791818352268065,0,0,0,0.7097330335727633,0,0,0.6821768194351565
18.300999879837036,0.6791818352268065,0.6821768194351565,0.6791818352268065,0,0.6942894095858282,0,0,0,0,0,0,0.7097330335727633,0,0,0.6821768194351565
18.401000022888184,0.6791818352268065,0.6791818352268065,0.6791818352268065,0,0.6942894095858282,0,0,0.6791818352268065,0,0,0,0.7097330335727633,0,0,0.6791818352268065
18.5,0.6791818352268065,0.6821768194351565,0.6791818352268065,0,0.6973510135774013,0,0,0,0,0,0,0.7097330335727633,0,0,0.6791818352268065
18.604000091552734,0.6791818352268065,0.6821768194351565,0.6791818352268065,0,0.6942894095858282,0,0,0,0,0,0,0.7097330335727633,0,0,0.6821768194351565
18.700000047683716,0,0.6821768194351565,0.6821768194351565,0,0.6942894095858282,0,0,0.6791818352268065,0,0,0,0.7066170683755658,0,0,0.6791818352268065
18.800999879837036,0.6791818352268065,0.6791818352268065,0.6821768194351565,0,0.6973510135774013,0,0,0,0,0,0,0.7097330335727633,0,0,0.6791818352268065
18.90000009536743,0.6791818352268065,0.6791818352268065,0.6791818352268065,0,0.6942894095858282,0,0,0.6791818352268065,0,0,0,0.7097330335727633,0,0,0.6821768194351565
19.0,0,0.6791818352268065,0.6791818352268065,0,0.6942894095858282,0,0,0.6791818352268065,0,0,0,0.7097330335727633,0,0,0.6821768194351565
19.10199999809265,0.6791818352268065,0.6791818352268065,0.6791818352268065,0,0.6942894095858282,0,0,0.6791818352268065,0,0,0,0.7128627392236585,0,0,0.6821768194351565
19.200999975204468,0.6791818352268065,0.6821768194351565,0.6791818352268065,0,0.6912412470589104,0,0,0.6791818352268065,0,0,0,0.7097330335727633,0,0,0.6821768194351565
19.30299997329712,0.6791818352268065,0.6821768194351565,0.6791818352268065,0,0.6942894095858282,0,0,0.6791818352268065,0,0,0,0.7097330335727633,0,0,0.6791818352268065
19.40000009536743,0.6791818352268065,0.6791818352268065,0.6791818352268065,0,0.6942894095858282,0,0,0,0,0,0,0.7097330335727633,0,0,0.6821768194351565
19.502000093460083,0.6791818352268065,0.6791818352268065,0.6791818352268065,0,0.6942894095858282,0,0,0.6791818352268065,0,0,0,0.7097330335727633,0,0,0.6821768194351565
19.60199999809265,0,0.6821768194351565,0.6821768194351565,0,0.6942894095858282,0,0,0.6791818352268065,0,0,0,0.7097330335727633,0,0,0.6791818352268065
19.700000047683716,0.6791818352268065,0.6821768194351565,0.6821768194351565,0,0.6942894095858282,0,0,0.6791818352268065,0,0,0,0.7097330335727633,0,0,0.6821768194351565
19.800999879837036,0.6791818352268065,0.6821768194351565,0.6791818352268065,0,0.6973510135774013,0,0,0.6791818352268065,0,0,0,0.7097330335727633,0,0,0.6821768194351565
19.90000009536743,0.6791818352268065,0.6791818352268065,0.6821768194351565,0,0.6973510135774013,0,0,0.6791818352268065,0,0,0,0.7097330335727633,0,0,0.6791818352268065
20.000999927520752,0.6791818352268065,0.6791818352268065,0.6791818352268065,0,0.6942894095858282,0,0,0.6791818352268065,0,0,0,0.7128627392236585,0,0,0.6821768194351565
20.102999925613403,0,0.6821768194351565,0.6791818352268065,0,0.6942894095858282,0,0,0,0,0,0,0.7097330335727633,0,0,0.6821768194351565
20.200000047683716,0,0.6791818352268065,0.6791818352268065,0,0.6973510135774013,0,0,0.6791818352268065,0,0,0,0.7097330335727633,0,0,0.6791818352268065
20.30299997329712,0.6791818352268065,0.6821768194351565,0.6821768194351565,0,0.6973510135774013,0,0,0,0,0,0,0.7097330335727633,0,0,0.6821768194351565
20.40000009536743,0,0.6791818352268065,0,0,0.6942894095858282,0,0,0.6791818352268065,0,0,0,0.7097330335727633,0,0,0.6791818352268065
20.500999927520752,0.6791818352268065,0.6821768194351565,0.6791818352268065,0,0.6942894095858282,0,0,0,0,0,0,0.7097330335727633,0,0,0.6791818352268065
20.6010000705719,0.6821768194351565,0.6791818352268065,0.6821768194351565,0,0.6942894095858282,0,0,0,0,0,0,0.7128627392236585,0,0,0.6821768194351565
20.700000047683716,0.6791818352268065,0.6821768194351565,0.6791818352268065,0,0.6942894095858282,0,0,0.6791818352268065,0,0,0,0.7128627392236585,0,0,0.6821768194351565
20.800999879837036,0.6791818352268065,0.6791818352268065,0.6791818352268065,0,0.6973510135774013,0,0,0.6791818352268065,0,0,0,0.7097330335727633,0,0,0.6821768194351565
20.902999877929688,0.6791818352268065,0.6821768194351565,0.6791818352268065,0,0.6942894095858282,0,0,0.6791818352268065,0,0,0,0.7097330335727633,0,0,0.6821768194351565
21.003000020980835,0.6791818352268065,0.6791818352268065,0.6791818352268065,0,0.6912412470589104,0,0,0.6791818352268065,0,0,0,0.7097330335727633,0,0,0.6821768194351565
21.1010000705719,0.6791818352268065,0.6791818352268065,0.6791818352268065,0,0.6942894095858282,0,0,0.6791818352268065,0,0,0,0.7128627392236585,0,0,0.6791818352268065
21.200000047683716,0.6791818352268065,0.6791818352268065,0.6791818352268065,0,0.6942894095858282,0,0,0,0,0,0,0.7097330335727633,0,0,0.6821768194351565
21.302000045776367,0,0.6821768194351565,0,0,0.6942894095858282,0,0,0.6791818352268065,0,0,0,0.7097330335727633,0,0,0.6821768194351565
21.401000022888184,0.6791818352268065,0.6791818352268065,0.6791818352268065,0,0.6942894095858282,0,0,0.6791818352268065,0,0,0,0.7128627392236585,0,0,0.6791818352268065
21.500999927520752,0.6791818352268065,0.6791818352268065,0.6791818352268065,0,0.6942894095858282,0,0,0.6791818352268065,0,0,0,0.7128627392236585,0,0,0.6791818352268065
21.602999925613403,0,0.6791818352268065,0.6821768194351565,0,0.6942894095858282,0,0,0.6791818352268065,0,0,0,0.7097330335727633,0,0,0.6821768194351565
21.700000047683716,0.6791818352268065,0.6821768194351565,0.6791818352268065,0,0.6942894095858282,0,0,0,0,0,0,0.7097330335727633,0,0,0.6821768194351565
21.800999879837036,0.6791818352268065,0.6821768194351565,0.6821768194351565,0,0.6973510135774013,0,0,0.6791818352268065,0,0,0,0.7097330335727633,0,0,0.6791818352268065
21.90000009536743,0.6791818352268065,0.6821768194351565,0.6791818352268065,0.6791818352268065,0.6942894095858282,0,0,0.6791818352268065,0,0,0,0.7097330335727633,0,0,0.6821768194351565
22.002000093460083,0.6791818352268065,0.6821768194351565,0.6791818352268065,0,0.6942894095858282,0,0,0.6791818352268065,0,0,0,0.7097330335727633,0,0,0.6821768194351565
22.1010000705719,0.6821768194351565,0.6791818352268065,0,0,0.6973510135774013,0,0,0.6791818352268065,0,0,0,0.7097330335727633,0,0,0.6791818352268065
22.200999975204468,0.6791818352268065,0.6791818352268065,0.6791818352268065,0,0.6973510135774013,0,0,0.6791818352268065,0,0,0,0.7097330335727633,0,0,0.6851850106080379
22.300999879837036,0,0.6791818352268065,0.6791818352268065,0,0.6942894095858282,0,0,0.6791818352268065,0,0,0,0.7097330335727633,0,0,0.6791818352268065
22.401000022888184,0.6791818352268065,0.6821768194351565,0.6821768194351565,0,0.6973510135774013,0,0,0.6791818352268065,0,0,0,0.7097330335727633,0,0,0.6821768194351565
22.502000093460083,0,0.6821768194351565,0.6791818352268065,0,0.6942894095858282,0,0,0.6791818352268065,0,0,0,0.7097330335727633,0,0,0.6821768194351565
22.60199999809265,0.6791818352268065,0.6821768194351565,0.6791818352268065,0,0.6942894095858282,0,0,0,0,0,0,0.7097330335727633,0,0,0.6791818352268065
22.700999975204468,0.6791818352268065,0.6791818352268065,0.6821768194351565,0,0.6942894095858282,0,0,0.6791818352268065,0,0,0,0.7097330335727633,0,0,0.6791818352268065
22.800999879837036,0,0.6821768194351565,0.6791818352268065,0,0.6942894095858282,0,0,0,0,0,0,0.7097330335727633,0,0,0.6791818352268065
22.901000022888184,0.6791818352268065,0.6791818352268065,0.6791818352268065,0,0.6942894095858282,0,0,0.6791818352268065,0,0,0,0.7128627392236585,0,0,0.6791818352268065
23.000999927520752,0.6791818352268065,0.6791818352268065,0.6791818352268065,0,0.6942894095858282,0,0,0.6791818352268065,0,0,0,0.7097330335727633,0,0,0.6821768194351565
23.1010000705719,0,0.6791818352268065,0.6791818352268065,0,0.6942894095858282,0,0,0,0,0,0,0.7097330335727633,0,0,0.6821768194351565
23.200000047683716,0.6791818352268065,0.6791818352268065,0.6791818352268065,0,0.6942894095858282,0,0,0.6791818352268065,0,0,0,0.7128627392236585,0,0,0.6821768194351565
23.300999879837036,0,0.6791818352268065,0.6791818352268065,0,0.6942894095858282,0,0,0.6791818352268065,0,0,0,0.7097330335727633,0,0,0.6821768194351565
23.40000009536743,0,0.6791818352268065,0.6821768194351565,0,0.6942894095858282,0,0,0.6791818352268065,0,0,0,0.7097330335727633,0,0,0.6821768194351565
23.502000093460083,0.6791818352268065,0.6821768194351565,0.6791818352268065,0,0.6942894095858282,0,0,0,0,0,0,0.7097330335727633,0,0,0.6791818352268065
23.6010000705719,0.6791818352268065,0.6791818352268065,0.6821768194351565,0,0.6942894095858282,0,0,0,0,0,0,0.7097330335727633,0,0,0.6791818352268065
23.70199990272522,0.6791818352268065,0.6821768194351565,0.6791818352268065,0.6791818352268065,0.6942894095858282,0,0,0.6791818352268065,0,0,0,0.7066170683755658,0,0,0.6821768194351565
23.800999879837036,3.878830192089265,0.7035147833068827,2.4330207961326873,2.454525862652158,0.6912412470589104,0,0,0.6791818352268065,0,0,0,0.7097330335727633,0,0,0.6821768194351565
23.901000022888184,7.571063991653131,0.9447202862320266,6.129625231492369,8.30396914960214,0.7614990237108463,0,0,0.6791818352268065,0,0,0,0.7097330335727633,0,0,0.6821768194351565
24.003999948501587,5.763434770417403,1.7880642521125318,10.860513655241459,18.577173786462883,4.8546335076908,0,0,0.7449289839461652,0,0,0,0.7097330335727633,0,0,0.6791818352268065
24.1010000705719,4.8546335076908,3.6471046684511967,15.71685355277971,27.603252536125165,10.956507930737509,3.3106138034024006,2.5201882756490863,0.6791818352268065,0,0,0,0.7097330335727633,0,0,0.6821768194351565
24.200999975204468,2.9140201169227438,4.31084358047321,19.242735469321495,32.48354363131511,15.510754333283666,8.267511950000612,6.461966035102193,1.978489374392008,0,0,0,0.7128627392236585,0,0,0.6821768194351565
24.302000045776367,2.9140201169227438,4.31084358047321,19.242735469321495,32.48354363131511,15.510754333283666,8.267511950000612,6.461966035102193,1.978489374392008,0,0,0,0.7128627392236585,0,0,0.6821768194351565
24.40000009536743,8.526113336433308,5.564090901092771,20.46535816820634,32.19894252883386,16.715452839212396,14.584125042516595,14.017879350586268,9.107822059563345,0,0,0,0.7128627392236585,0,0,0.6851850106080379
24.502000093460083,12.557694826723509,7.341429741232626,22.446475561651763,32.626786125682685,16.496258725574094,18.33356643814887,17.855893312374842,13.533033348022887,0,0,0,0.7160062459194508,0,0,0.6821768194351565
24.6010000705719,14.329690037593318,7.671664539241328,23.456170891360763,32.48354363131511,14.204141986887977,19.15825343004055,19.327590048562165,15.579152016905853,0,0,0,0.7128627392236585,0,0,0.6821768194351565
24.700000047683716,14.71303170030847,7.0875066781134,23.456170891360763,32.19894252883386,13.238557723325766,19.498423405316053,19.932142133057255,16.496258725574094,0,0,0,0.7097330335727633,0,0,0.6851850106080379
24.800999879837036,15.647851313397698,7.537824490618512,23.456170891360763,32.626786125682685,13.533033348022887,19.498423405316053,19.757508795935365,16.137304013171175,0,0,0.8804990863386648,1.040741678403067,0,0,0.688206466984126
24.901000022888184,17.162617395292113,9.188324585291745,24.727935867071388,33.4996037797742,14.204141986887977,18.577173786462883,17.93463234178172,13.238557723325766,0,0,0,0.7066170683755658,0,0,0.6851850106080379
25.002000093460083,17.93463234178172,9.989490709107839,25.61386000162951,33.94472991897317,14.204141986887977,17.31431491851947,16.137304013171175,10.62419143088028,1.811823164081009,0,2.9657608538717404,6.902844764115364,1.7568696391026253,0,0.6912412470589104
25.1010000705719,17.855893312374842,10.122226112820098,25.389446899475338,33.4996037797742,13.180436030836246,13.712853590837016,12.12335322726516,5.969920503335508,4.984502561091723,0,9.517513343707423,11.349045134752322,5.467019634103084,4.161741478408032,9.43412666578698
25.200000047683716,17.467353270946894,10.39301152257338,25.389446899475338,33.64732678869847,9.188324585291745,4.728148136176792,3.55208093736857,0.6821768194351565,2.8256363935785003,0.8388978024385055,13.296935714706308,13.95633617571802,11.449357458815992,7.181681955675346,12.66869020457196
25.302000045776367,17.390665752817103,11.299219033967221,25.166999968777354,32.48354363131511,3.8111600249627693,0,0,0,4.273074584283887,1.2140156833476752,16.863197949234348,15.71685355277971,15.579152016905853,4.504755476278627,5.3012021271984375
25.40000009536743,17.69945080782031,13.180436030836246,25.501406596538306,30.542941494893117,1.0971694227900595,0,0,0.6791818352268065,5.467019634103084,1.7338313471086588,18.577173786462883,16.569002182211822,16.06645585576118,0.7416584967649851,0.6821768194351565
25.500999927520752,17.31431491851947,15.374858513736665,26.766031742285726,27.002612249116993,0.688206466984126,0,0,0,3.5364861150129694,1.9525449247301168,18.99040043623884,16.937559495643157,12.613070420929082,0,0.6791818352268065
25.6010000705719,12.780666652121,17.162617395292113,26.18360918296173,22.249813160401125,0.688206466984126,0,0,0.6791818352268065,0,0.8098822690686521,20.28605311567106,17.467353270946894,8.087612833257287,0,0.6851850106080379
25.700999975204468,10.34738272883471,16.863197949234348,26.6485199182183,18.17293885145663,0.688206466984126,0,0,0.6791818352268065,0,0.8804990863386648,20.55560413968692,17.621744303940886,6.156655004403321,0,0.6821768194351565
25.800999879837036,13.773323081959754,18.33356643814887,25.166999968777354,21.198567556205997,0.688206466984126,0,0,0.6791818352268065,0.7449289839461652,0.9915693502294961,22.05487379580091,18.01371858623092,8.488680849615061,0,0.6821768194351565
25.901000022888184,14.777911671052475,17.93463234178172,26.18360918296173,25.166999968777354,0.6912412470589104,0,0,0.6791818352268065,0.8206435834413873,0.9742704069077731,21.765662455876292,18.01371858623092,10.39301152257338,0,0.6821768194351565
26.000999927520752,15.579152016905853,17.621744303940886,26.6485199182183,27.84723309843136,0.9572732613775801,0,0,0.6791818352268065,2.57624680047755,1.4161382310311625,21.95804552950147,17.621744303940886,11.200222131697483,0,0.6821768194351565
26.1010000705719,15.995918745438377,16.937559495643157,27.002612249116993,29.099867220326203,1.7880642521125318,0,0,0.6791818352268065,7.118760415296221,1.7568696391026253,20.28605311567106,17.54437895758159,13.238557723325766,0,0.6821768194351565
26.200000047683716,15.925691316602105,16.06645585576118,26.766031742285726,30.01008858483033,3.1403479669854617,0,0,0.6791818352268065,8.526113336433308,1.978489374392008,19.498423405316053,17.54437895758159,14.141781056800792,0,0.6821768194351565
26.300999879837036,15.307357746864547,14.71303170030847,26.41504175357289,30.812905479414756,5.419120924750067,0,0,0.6791818352268065,7.876893586942316,1.7035828826960413,20.10831902522696,17.390665752817103,14.843077742628012,0,0.6821768194351565
26.401000022888184,14.648436574317726,13.355571135177607,26.41504175357289,32.34093001936682,9.989490709107839,1.422382967593298,0.7128627392236585,0.6791818352268065,7.981557846683609,1.422382967593298,19.844633368135387,17.23829928989946,17.23829928989946,0.7992620706314647,0.6821768194351565
26.502000093460083,13.12256951199996,12.12335322726516,25.389446899475338,32.34093001936682,11.911848908077452,3.1541959412421714,1.860292272794633,0.6791818352268065,6.902844764115364,1.1465226871387508,17.855893312374842,17.01224895373283,17.93463234178172,2.2676263220536503,2.151001636924649
26.60199999809265,12.780666652121,11.499845624144292,25.166999968777354,32.05757841083397,11.911848908077452,3.5992792291503894,2.237890343824008,0.6821768194351565,6.664091340256216,1.224746166238561,17.31431491851947,16.863197949234348,17.855893312374842,2.5201882756490863,2.5201882756490863
26.70199990272522,12.780666652121,11.499845624144292,25.166999968777354,32.05757841083397,11.911848908077452,3.5992792291503894,2.237890343824008,0.6821768194351565,6.664091340256216,1.224746166238561,17.31431491851947,16.863197949234348,17.855893312374842,2.5201882756490863,2.5201882756490863
26.800999879837036,12.557694826723509,10.812832370909709,24.836978502762964,32.19894252883386,12.447671923038113,4.686722970636869,3.224357195936693,0.6821768194351565,6.075921173878477,1.0923524823700352,16.06645585576118,16.642066415249307,18.17293885145663,4.0001570037682255,4.544572261373641
26.90000009536743,12.39302248351144,10.531108710949274,25.05650842856284,32.19894252883386,12.780666652121,5.324578807540498,3.8279660752695275,0.7255201822031061,5.814376812637287,1.0136256051434935,17.31431491851947,16.496258725574094,18.09315357683459,5.371641874829657,6.664091340256216
27.002000093460083,13.180436030836246,11.15104941362972,25.277978742897353,32.05757841083397,11.964376519273106,4.426165401217987,2.8758078074629196,0.6791818352268065,7.025410244382886,1.1215746229581565,18.09315357683459,16.642066415249307,18.17293885145663,5.050734161782645,6.0492458494633015
27.1010000705719,13.355571135177607,11.349045134752322,25.277978742897353,32.19894252883386,12.12335322726516,4.604958286184995,3.0184202886171168,0.6821768194351565,7.8078810240146055,1.2086857487959175,18.577173786462883,16.715452839212396,18.25307595474245,4.984502561091723,5.917615681661535
27.200999975204468,13.355571135177607,11.349045134752322,25.277978742897353,32.34093001936682,12.12335322726516,4.707389985798252,3.099167761114853,0.6821768194351565,7.946516140445859,1.1980959775392783,18.659093442202273,16.789162874864548,18.41441185997417,5.117845815172169,6.102714128317354
27.302000045776367,13.355571135177607,11.399090953405707,25.389446899475338,32.19894252883386,11.652649875732186,4.645660747265969,2.9657608538717404,0.6821768194351565,7.6044500687231045,1.1166505355536225,18.495613785388237,16.789162874864548,18.495613785388237,5.419120924750067,6.812325951720188
27.401999950408936,13.296935714706308,11.249611686415541,25.277978742897353,32.19894252883386,11.964376519273106,4.984502561091723,3.3842543833101413,0.6821768194351565,6.634833752254918,1.0316233312044518,18.17293885145663,16.642066415249307,18.577173786462883,6.321355173071305,8.30396914960214
27.503000020980835,13.064957046519298,11.15104941362972,24.727935867071388,32.05757841083397,11.964376519273106,5.208717224237109,3.5364861150129694,0.688206466984126,5.324578807540498,0.953070511856898,17.31431491851947,16.496258725574094,18.495613785388237,7.27710858767076,9.90196885184663
27.60199999809265,12.89363284088269,10.765360423350387,23.148583975389265,32.05757841083397,12.284442338995367,5.61327097597687,4.180093485721221,0.8134536022237463,4.465287541698935,0.8651378775781517,16.06645585576118,16.137304013171175,18.33356643814887,7.981557846683609,11.449357458815992
27.700999975204468,12.837025483894683,10.62419143088028,21.95804552950147,32.05757841083397,12.50256234988201,6.2659712940262455,4.728148136176792,1.0003336669460845,4.34894641054374,0.8170406838659873,15.855772209647146,16.06645585576118,17.93463234178172,8.377366553036456,12.176813507833149
27.802000045776367,12.66869020457196,10.577547680088044,21.57496492602905,32.05757841083397,12.66869020457196,6.842366226046315,5.208717224237109,1.1771939655875783,4.40673305596303,0.7957530430426111,15.855772209647146,15.995918745438377,17.69945080782031,8.677501236872235,12.950489819005215
27.90000009536743,12.837025483894683,10.718096893505109,21.292046756881728,32.19894252883386,12.837025483894683,6.9638578619326275,5.324578807540498,1.1166505355536225,4.604958286184995,0.7957530430426111,16.06645585576118,15.995918745438377,17.777499973620195,8.831577149479775,13.12256951199996
28.000999927520752,13.007597519015134,10.812832370909709,21.292046756881728,32.19894252883386,12.837025483894683,6.9332841987246745,5.2316860744377935,1.0732952740411483,4.707389985798252,0.8134536022237463,16.208464589290898,16.06645585576118,17.855893312374842,8.870521704127182,13.180436030836246
28.1010000705719,13.064957046519298,10.860513655241459,22.249813160401125,32.34093001936682,12.837025483894683,6.9638578619326275,5.2316860744377935,1.0225848734321563,4.833320044262213,0.8278971157082445,16.423834637020548,16.06645585576118,17.93463234178172,8.870521704127182,13.12256951199996
28.200000047683716,13.296935714706308,11.004822780353978,22.845030527255073,32.34093001936682,12.50256234988201,6.377228581020046,4.686722970636869,0.8352147607414818,5.208717224237109,0.8804990863386648,16.937559495643157,16.208464589290898,18.09315357683459,8.715766363859458,12.780666652121
28.302000045776367,13.355571135177607,11.102092580226902,23.046953955903465,32.34093001936682,12.39302248351144,6.2659712940262455,4.625264744090525,0.8170406838659873,5.467019634103084,0.9000847182415999,17.23829928989946,16.35172851441855,18.33356643814887,8.715766363859458,12.724555254452897
28.40000009536743,13.355571135177607,11.053350683683199,23.977924901169953,32.34093001936682,12.39302248351144,6.238461586072343,4.584740980415716,0.8134536022237463,5.638023784515435,0.9241633948612642,17.390665752817103,16.35172851441855,18.33356643814887,8.754200228355717,12.724555254452897
28.500999927520752,13.414465119923227,11.15104941362972,24.18986179493517,32.34093001936682,12.447671923038113,6.102714128317354,4.426165401217987,0.7648570015488819,5.687857339870604,0.9160664358584055,17.390665752817103,16.35172851441855,18.41441185997417,8.831577149479775,12.89363284088269
28.6010000705719,13.533033348022887,11.200222131697483,24.296531688504693,32.19894252883386,12.284442338995367,5.9437105572875035,4.31084358047321,0.7351605349588596,5.738131365740667,0.9364432202182423,17.467353270946894,16.423834637020548,18.41441185997417,8.831577149479775,12.780666652121
28.700999975204468,13.473618809132564,11.200222131697483,24.511284694719937,32.48354363131511,12.447671923038113,6.102714128317354,4.465287541698935,0.7648570015488819,5.7888497553713085,0.9405726484672083,17.621744303940886,16.423834637020548,18.495613785388237,8.870521704127182,12.780666652121
28.800999879837036,13.533033348022887,11.249611686415541,24.836978502762964,32.34093001936682,12.447671923038113,5.996246027230924,4.329853082463017,0.7160062459194508,5.840016436419966,0.9447202862320266,17.621744303940886,16.35172851441855,18.577173786462883,8.601474235421094,12.284442338995367
28.90000009536743,13.592709886861513,11.349045134752322,25.05650842856284,32.48354363131511,12.50256234988201,5.891635371259994,4.180093485721221,0.6942894095858282,5.9437105572875035,0.953070511856898,17.69945080782031,16.496258725574094,18.577173786462883,8.30396914960214,11.704034498454895
29.000999927520752,13.712853590837016,11.399090953405707,25.277978742897353,32.48354363131511,12.557694826723509,5.891635371259994,4.125278824381117,0.6851850106080379,6.075921173878477,0.9572732613775801,17.855893312374842,16.423834637020548,18.577173786462883,8.231214809688662,11.499845624144292
29.10199999809265,13.712853590837016,11.449357458815992,25.389446899475338,32.48354363131511,12.447671923038113,5.7129390514664,3.9477018966712683,0.6821768194351565,6.156655004403321,0.9657344406638224,17.855893312374842,16.496258725574094,18.659093442202273,8.087612833257287,11.299219033967221
29.200999975204468,13.712853590837016,11.449357458815992,25.389446899475338,32.48354363131511,12.447671923038113,5.7129390514664,3.9477018966712683,0.6821768194351565,6.156655004403321,0.9657344406638224,17.855893312374842,16.496258725574094,18.659093442202273,8.087612833257287,11.299219033967221
29.300999879837036,13.712853590837016,11.499845624144292,25.61386000162951,32.48354363131511,12.447671923038113,5.7129390514664,3.930370166095031,0.6821768194351565,6.238461586072343,0.9742704069077731,18.01371858623092,16.496258725574094,18.577173786462883,7.981557846683609,11.004822780353978
29.401000022888184,13.773323081959754,11.601490848675025,25.61386000162951,32.48354363131511,12.50256234988201,5.638023784515435,3.8448462351190673,0.6821768194351565,6.321355173071305,0.9872160294176279,18.09315357683459,16.569002182211822,18.659093442202273,7.438979022662883,9.989490709107839
29.500999927520752,13.83405922504756,11.601490848675025,25.726809291850373,32.48354363131511,12.50256234988201,5.539662682619451,3.794427758833132,0.6821768194351565,6.519082279094974,1.00474483252825,18.25307595474245,16.569002182211822,18.659093442202273,7.309198411296923,9.686504337100208
29.6010000705719,13.83405922504756,11.652649875732186,25.726809291850373,32.626786125682685,12.50256234988201,5.61327097597687,3.8448462351190673,0.6791818352268065,6.605704614842299,1.0270941600307948,18.41441185997417,16.642066415249307,18.824018068537313,7.27710858767076,9.601637062617552
29.700999975204468,13.83405922504756,11.601490848675025,25.726809291850373,32.626786125682685,12.613070420929082,5.738131365740667,3.9477018966712683,0.6791818352268065,6.693477945274009,1.036172474638023,18.41441185997417,16.642066415249307,18.74137433857351,7.2133509770346365,9.475728279549472
29.802000045776367,13.83405922504756,11.704034498454895,25.84025665390267,32.626786125682685,12.613070420929082,5.7888497553713085,3.982594977742295,0.6821768194351565,6.752640484570229,1.0545705382384394,18.495613785388237,16.642066415249307,18.74137433857351,7.118760415296221,9.310414490451379
29.901999950408936,13.773323081959754,11.652649875732186,25.726809291850373,32.48354363131511,12.66869020457196,5.840016436419966,4.053309108341834,0.6821768194351565,6.782417564237265,1.0545705382384394,18.495613785388237,16.569002182211822,18.824018068537313,7.245159649094146,9.43412666578698
30.000999927520752,13.773323081959754,11.601490848675025,25.84025665390267,32.626786125682685,12.724555254452897,5.891635371259994,4.071182962060244,0.6851850106080379,6.782417564237265,1.0499406211573654,18.577173786462883,16.642066415249307,18.824018068537313,7.27710858767076,9.475728279549472
30.10199999809265,13.773323081959754,11.601490848675025,25.84025665390267,32.626786125682685,12.780666652121,5.969920503335508,4.180093485721221,0.6821768194351565,6.842366226046315,1.0545705382384394,18.495613785388237,16.642066415249307,18.907026232078874,7.309198411296923,9.475728279549472
30.200000047683716,13.773323081959754,11.652649875732186,25.84025665390267,32.626786125682685,12.780666652121,6.0226876386367145,4.198526419774855,0.6851850106080379,6.872538968796292,1.0592208718380718,18.577173786462883,16.642066415249307,18.824018068537313,7.341429741232626,9.517513343707423
30.302000045776367,13.712853590837016,11.55055642684306,25.84025665390267,32.626786125682685,12.780666652121,6.0226876386367145,4.217040637431114,0.6821768194351565,6.842366226046315,1.040741678403067,18.577173786462883,16.715452839212396,18.907026232078874,7.5047309221014675,9.858495899529942
30.402999877929688,13.652649580988106,11.499845624144292,25.84025665390267,32.48354363131511,12.780666652121,6.102714128317354,4.254314358875424,0.6942894095858282,6.812325951720188,1.040741678403067,18.577173786462883,16.715452839212396,18.907026232078874,7.6044500687231045,9.945633506589568
30.500999927520752,13.533033348022887,11.449357458815992,25.726809291850373,32.626786125682685,12.780666652121,6.238461586072343,4.3681239343628055,0.7160062459194508,6.842366226046315,1.036172474638023,18.659093442202273,16.715452839212396,18.907026232078874,7.6044500687231045,9.945633506589568
30.60199999809265,13.355571135177607,11.249611686415541,25.726809291850373,32.626786125682685,12.89363284088269,6.405350208988518,4.564612435375018,0.7992620706314647,6.872538968796292,1.0545705382384394,18.659093442202273,16.715452839212396,18.907026232078874,7.671664539241328,9.989490709107839
30.70199990272522,13.12256951199996,11.15104941362972,25.726809291850373,32.626786125682685,12.950489819005215,6.722994136233886,4.876040956975726,0.8651378775781517,6.902844764115364,1.0638917119868672,18.659093442202273,16.789162874864548,18.907026232078874,7.705494233963822,10.122226112820098
30.80399990081787,13.180436030836246,11.200222131697483,25.61386000162951,32.626786125682685,12.950489819005215,6.782417564237265,4.962618929118841,0.8537930978659438,6.902844764115364,1.0592208718380718,18.659093442202273,16.715452839212396,18.824018068537313,7.705494233963822,10.077786157521782
30.90000009536743,13.296935714706308,11.299219033967221,25.84025665390267,32.626786125682685,12.950489819005215,6.547829438494935,4.812100154060648,0.7992620706314647,6.994566345646295,1.0827819526178275,18.824018068537313,16.715452839212396,18.907026232078874,7.6044500687231045,9.90196885184663
31.002000093460083,13.592709886861513,11.399090953405707,25.84025665390267,32.77066027564872,12.950489819005215,6.377228581020046,4.645660747265969,0.7614990237108463,7.181681955675346,1.1265204240824227,18.907026232078874,16.789162874864548,18.99040043623884,7.181681955675346,9.269538659467877
31.13100004196167,13.592709886861513,11.449357458815992,25.954204284130896,32.626786125682685,12.950489819005215,6.405350208988518,4.645660747265969,0.7581557885176946,7.571063991653131,1.1617571126139028,19.15825343004055,16.789162874864548,18.99040043623884,6.872538968796292,8.677501236872235
31.20300006866455,13.592709886861513,11.499845624144292,25.954204284130896,32.77066027564872,12.89363284088269,6.349230416396089,4.625264744090525,0.7581557885176946,8.563710889072054,1.2798381329365647,19.41281881054985,16.937559495643157,18.99040043623884,6.693477945274009,8.414308177845259
31.30399990081787,13.83405922504756,11.399090953405707,25.84025665390267,32.77066027564872,12.780666652121,6.2936023113801145,4.564612435375018,0.7581557885176946,9.858495899529942,1.3492293954570427,19.584405490168397,17.01224895373283,18.824018068537313,6.075921173878477,7.373803201477422
31.40000009536743,14.141781056800792,11.499845624144292,25.84025665390267,32.626786125682685,12.66869020457196,5.969920503335508,4.217040637431114,0.6912412470589104,10.21169478741068,1.4099209109494117,19.670766729722736,17.01224895373283,18.659093442202273,5.2779280782951385,6.0226876386367145
31.500999927520752,14.392879588825663,11.704034498454895,26.068654388564713,32.77066027564872,12.39302248351144,5.515341712188693,3.794427758833132,0.6821768194351565,9.686504337100208,1.3914322485513055,19.757508795935365,17.01224895373283,18.824018068537313,5.419120924750067,6.156655004403321
31.6010000705719,14.392879588825663,11.704034498454895,26.068654388564713,32.77066027564872,12.39302248351144,5.515341712188693,3.794427758833132,0.6821768194351565,9.686504337100208,1.3914322485513055,19.757508795935365,17.01224895373283,18.824018068537313,5.419120924750067,6.156655004403321
31.700000047683716,14.456347786656396,11.755645711651072,25.954204284130896,32.626786125682685,11.704034498454895,4.8546335076908,3.26720085699791,0.6821768194351565,9.188324585291745,1.3731860328284817,19.757508795935365,17.01224895373283,18.824018068537313,5.4430175909312934,6.0226876386367145
31.802000045776367,14.329690037593318,11.652649875732186,26.068654388564713,32.77066027564872,12.070127655194309,5.185849214964574,3.5364861150129694,0.6791818352268065,9.028024848126849,1.2968439880105171,19.670766729722736,17.01224895373283,18.99040043623884,5.917615681661535,6.722994136233886
31.90000009536743,14.392879588825663,11.55055642684306,25.954204284130896,32.77066027564872,12.50256234988201,5.7129390514664,4.125278824381117,0.6973510135774013,10.166862034732118,1.3914322485513055,19.844633368135387,17.08726776949361,19.074142295144394,6.102714128317354,7.181681955675346
32.00099992752075,14.520095859831812,11.704034498454895,26.068654388564713,32.77066027564872,11.449357458815992,4.769939451871261,3.2816082137096045,0.6791818352268065,10.812832370909709,1.4476385046225677,20.196990563264944,17.162617395292113,18.824018068537313,5.117845815172169,5.917615681661535
32.1010000705719,14.520095859831812,11.449357458815992,26.068654388564713,32.77066027564872,12.284442338995367,5.61327097597687,4.053309108341834,0.6851850106080379,10.908405199456796,1.422382967593298,20.28605311567106,17.08726776949361,19.15825343004055,5.491127518945749,6.2936023113801145
32.200000047683716,14.520095859831812,11.499845624144292,26.18360918296173,32.77066027564872,11.807484514515396,5.395329172919208,3.8959346471403906,0.6821768194351565,11.601490848675025,1.492919518622036,20.46535816820634,17.23829928989946,18.907026232078874,4.645660747265969,5.34805857189458
32.30200004577637,14.329690037593318,10.908405199456796,26.068654388564713,32.626786125682685,11.859551910648717,5.738131365740667,4.198526419774855,0.6942894095858282,11.964376519273106,1.5328574551068501,20.646248068305677,17.23829928989946,18.824018068537313,4.584740980415716,5.3012021271984375
32.40000009536743,14.777911671052475,10.956507930737509,26.068654388564713,32.77066027564872,11.449357458815992,5.662885745370566,4.125278824381117,0.6821768194351565,12.284442338995367,1.5532253055870997,20.828736824173344,17.31431491851947,18.659093442202273,4.4456834371733605,5.140413950246176
32.50099992752075,14.843077742628012,10.860513655241459,26.18360918296173,32.77066027564872,11.652649875732186,5.917615681661535,4.291917536549767,0.6973510135774013,12.39302248351144,1.6230930375047308,21.012838567829768,17.390665752817103,18.659093442202273,4.426165401217987,5.163081603894817
32.6010000705719,14.456347786656396,10.671040866350461,26.18360918296173,32.77066027564872,11.859551910648717,6.075921173878477,4.484978094330785,0.7887811376395809,11.911848908077452,1.5947765163706529,20.92058518441025,17.390665752817103,18.824018068537313,4.812100154060648,5.638023784515435
32.70099997520447,13.95633617571802,10.438841525339738,26.18360918296173,32.77066027564872,12.017135761171868,6.321355173071305,4.728148136176792,0.8689528710703243,10.531108710949274,1.4668740079065632,20.646248068305677,17.23829928989946,18.907026232078874,5.467019634103084,6.405350208988518
32.800999879837036,13.355571135177607,10.122226112820098,25.501406596538306,32.626786125682685,12.39302248351144,7.056390155281239,5.324578807540498,1.1414890693952766,9.028024848126849,1.3025626734395643,20.020036784873373,17.08726776949361,19.074142295144394,6.693477945274009,8.30396914960214
32.90000009536743,13.238557723325766,10.03354130847825,25.501406596538306,32.77066027564872,12.447671923038113,7.406319418782513,5.61327097597687,1.268624967656157,8.4514127039232,1.230146922320173,19.670766729722736,17.01224895373283,19.074142295144394,7.27710858767076,9.392707697011407
33.00399994850159,13.296935714706308,10.03354130847825,25.389446899475338,32.626786125682685,12.39302248351144,7.5047309221014675,5.738131365740667,1.268624967656157,9.028024848126849,1.2911504095215833,19.757508795935365,17.01224895373283,18.99040043623884,7.373803201477422,9.351470571350218
33.1010000705719,13.592709886861513,10.25672523881928,25.726809291850373,32.626786125682685,12.176813507833149,7.2133509770346365,5.467019634103084,1.0453310309595116,9.772121739319532,1.3731860328284817,20.020036784873373,17.08726776949361,18.99040043623884,7.118760415296221,8.909637992351845
33.200000047683716,13.592709886861513,10.21169478741068,25.726809291850373,32.77066027564872,12.230509531890984,7.438979022662883,5.7129390514664,1.1617571126139028,9.643977346007558,1.3853233959889295,20.196990563264944,17.162617395292113,19.074142295144394,7.245159649094146,9.028024848126849
33.300999879837036,13.533033348022887,10.077786157521782,25.61386000162951,32.626786125682685,12.338612973287132,7.671664539241328,5.865769123103263,1.3492293954570427,9.188324585291745,1.361155009880663,20.10831902522696,17.08726776949361,19.242735469321495,7.438979022662883,9.392707697011407
33.401000022888184,12.724555254452897,9.81521380800179,25.389446899475338,32.48354363131511,12.557694826723509,8.016754076130571,6.238461586072343,1.5808040520385058,8.414308177845259,1.230146922320173,19.932142133057255,17.01224895373283,19.15825343004055,7.6379833681839315,10.122226112820098
33.50099992752075,11.911848908077452,9.643977346007558,23.872653797869393,32.34093001936682,12.724555254452897,8.340587114305775,6.519082279094974,1.7568696391026253,8.159097899163577,1.187598987433885,19.757508795935365,17.01224895373283,19.15825343004055,7.946516140445859,10.765360423350387
33.6010000705719,12.070127655194309,9.686504337100208,23.977924901169953,32.34093001936682,12.780666652121,8.4514127039232,6.576703364077342,1.6961035845347305,8.377366553036456,1.219369121280981,19.757508795935365,17.01224895373283,19.242735469321495,7.981557846683609,10.577547680088044
33.70199990272522,12.50256234988201,9.858495899529942,24.403671963686595,32.34093001936682,12.66869020457196,8.30396914960214,6.461966035102193,1.546406127436053,9.228842287042346,1.331536596806792,20.10831902522696,17.162617395292113,19.242735469321495,7.705494233963822,10.122226112820098
33.80299997329712,12.66869020457196,9.858495899529942,24.727935867071388,32.34093001936682,12.724555254452897,8.488680849615061,6.634833752254918,1.6812433539035003,9.269538659467877,1.3433058275231726,20.10831902522696,17.08726776949361,19.242735469321495,7.946516140445859,10.438841525339738
33.90000009536743,12.557694826723509,9.772121739319532,24.61937196499056,32.48354363131511,12.780666652121,8.639404106579988,6.752640484570229,1.8358977727014714,8.831577149479775,1.251989155991367,19.932142133057255,17.01224895373283,19.242735469321495,8.052105510186841,10.860513655241459
34.00499987602234,12.447671923038113,9.643977346007558,24.61937196499056,32.48354363131511,12.837025483894683,8.677501236872235,6.812325951720188,1.9016722131626984,8.231214809688662,1.1823850310051662,19.757508795935365,17.01224895373283,19.242735469321495,8.340587114305775,11.449357458815992
34.10199999809265,12.447671923038113,9.643977346007558,24.61937196499056,32.48354363131511,12.837025483894683,8.677501236872235,6.812325951720188,1.9016722131626984,8.231214809688662,1.1823850310051662,19.757508795935365,17.01224895373283,19.242735469321495,8.340587114305775,11.449357458815992
34.200000047683716,12.50256234988201,9.601637062617552,24.61937196499056,32.48354363131511,12.950489819005215,8.754200228355717,6.872538968796292,1.9100580061160366,8.231214809688662,1.1980959775392783,19.844633368135387,17.01224895373283,19.327590048562165,8.340587114305775,11.299219033967221
34.300999879837036,12.724555254452897,9.81521380800179,24.61937196499056,32.48354363131511,12.837025483894683,8.715766363859458,6.782417564237265,1.7880642521125318,8.526113336433308,1.268624967656157,19.844633368135387,17.08726776949361,19.242735469321495,8.123276732764797,10.671040866350461
34.40000009536743,12.724555254452897,9.81521380800179,24.727935867071388,32.48354363131511,12.89363284088269,8.870521704127182,6.872538968796292,1.8684955928643971,8.754200228355717,1.308306576522654,19.932142133057255,17.08726776949361,19.242735469321495,8.016754076130571,10.39301152257338
34.50200009346008,12.780666652121,9.858495899529942,24.727935867071388,32.48354363131511,12.950489819005215,8.909637992351845,6.902844764115364,1.860292272794633,8.831577149479775,1.331536596806792,20.020036784873373,17.162617395292113,19.242735469321495,7.981557846683609,10.25672523881928
34.6010000705719,12.780666652121,9.90196885184663,24.727935867071388,32.48354363131511,12.950489819005215,8.948926771446324,6.9332841987246745,1.8767350870672006,8.948926771446324,1.3374082660320807,20.020036784873373,17.08726776949361,19.242735469321495,7.981557846683609,10.39301152257338
34.70099997520447,12.780666652121,9.858495899529942,24.727935867071388,32.48354363131511,12.950489819005215,8.98838880204261,6.9638578619326275,1.943972600005711,8.870521704127182,1.3374082660320807,20.020036784873373,17.162617395292113,19.242735469321495,8.087612833257287,10.531108710949274
34.80200004577637,12.89363284088269,9.945633506589568,24.727935867071388,32.48354363131511,12.950489819005215,8.98838880204261,6.9332841987246745,1.8521249680413745,8.909637992351845,1.3492293954570427,20.020036784873373,17.08726776949361,19.242735469321495,8.052105510186841,10.438841525339738
34.90000009536743,13.007597519015134,9.989490709107839,24.727935867071388,32.48354363131511,13.007597519015134,8.831577149479775,6.812325951720188,1.6665133195977933,8.98838880204261,1.3551790845141507,20.020036784873373,17.08726776949361,19.242735469321495,7.946516140445859,10.122226112820098
35.00099992752075,13.12256951199996,9.989490709107839,24.836978502762964,32.48354363131511,13.064957046519298,8.79280357444183,6.812325951720188,1.6302503814793174,9.107822059563345,1.379241363330769,20.10831902522696,17.162617395292113,19.242735469321495,7.8078810240146055,9.90196885184663
35.1010000705719,13.180436030836246,10.03354130847825,24.836978502762964,32.48354363131511,13.064957046519298,8.79280357444183,6.782417564237265,1.6302503814793174,9.14798476979211,1.3914322485513055,20.020036784873373,17.162617395292113,19.327590048562165,7.705494233963822,9.729218859219372
35.204999923706055,13.12256951199996,10.03354130847825,24.727935867071388,32.626786125682685,13.064957046519298,8.909637992351845,6.872538968796292,1.7035828826960413,9.188324585291745,1.4099209109494117,20.196990563264944,17.162617395292113,19.327590048562165,7.739473107295361,9.858495899529942
35.30200004577637,13.007597519015134,9.989490709107839,24.727935867071388,32.48354363131511,13.064957046519298,9.028024848126849,6.994566345646295,1.8198127502025716,9.06783567705413,1.379241363330769,20.10831902522696,17.162617395292113,19.41281881054985,7.981557846683609,10.301954260748866
35.40400004386902,13.007597519015134,9.989490709107839,24.727935867071388,32.34093001936682,13.007597519015134,9.028024848126849,7.025410244382886,1.843993520485347,8.909637992351845,1.3671572872506808,20.020036784873373,17.162617395292113,19.242735469321495,8.123276732764797,10.531108710949274
35.503000020980835,13.064957046519298,9.945633506589568,24.727935867071388,32.48354363131511,13.007597519015134,9.107822059563345,7.025410244382886,1.860292272794633,8.831577149479775,1.3671572872506808,20.020036784873373,17.162617395292113,19.327590048562165,8.195077025952525,10.577547680088044
35.605000019073486,12.950489819005215,9.945633506589568,24.511284694719937,32.626786125682685,13.064957046519298,9.14798476979211,7.056390155281239,1.9354379106515591,8.715766363859458,1.3433058275231726,20.020036784873373,17.08726776949361,19.327590048562165,8.195077025952525,10.718096893505109
35.70199990272522,12.89363284088269,9.945633506589568,24.511284694719937,32.48354363131511,13.064957046519298,9.228842287042346,7.0875066781134,1.978489374392008,8.677501236872235,1.3551790845141507,20.020036784873373,17.08726776949361,19.327590048562165,8.267511950000612,10.765360423350387
35.80200004577637,12.950489819005215,9.989490709107839,24.61937196499056,32.48354363131511,13.007597519015134,9.228842287042346,7.118760415296221,1.9959769132046616,8.677501236872235,1.3551790845141507,20.020036784873373,17.08726776949361,19.327590048562165,8.30396914960214,10.812832370909709
35.901000022888184,12.950489819005215,9.945633506589568,24.61937196499056,32.48354363131511,13.12256951199996,9.269538659467877,7.150151971903032,2.022498465613036,8.563710889072054,1.3374082660320807,19.932142133057255,17.08726776949361,19.327590048562165,8.30396914960214,10.908405199456796
36.00099992752075,12.837025483894683,9.90196885184663,24.61937196499056,32.48354363131511,13.12256951199996,9.310414490451379,7.181681955675346,2.0949582217538363,8.377366553036456,1.2968439880105171,19.932142133057255,17.08726776949361,19.327590048562165,8.414308177845259,11.200222131697483
36.1010000705719,12.284442338995367,9.772121739319532,24.296531688504693,32.34093001936682,13.064957046519298,9.392707697011407,7.2133509770346365,2.151001636924649,7.981557846683609,1.235571494084624,19.757508795935365,17.08726776949361,19.242735469321495,8.563710889072054,11.601490848675025
36.20099997520447,11.249611686415541,9.643977346007558,23.66349608813366,32.05757841083397,13.12256951199996,9.475728279549472,7.27710858767076,2.2085443012696895,7.47178264540948,1.1617571126139028,19.584405490168397,17.01224895373283,19.242735469321495,8.754200228355717,12.12335322726516
36.300999879837036,11.399090953405707,9.686504337100208,23.767844869892002,32.05757841083397,13.180436030836246,9.559482667220976,7.341429741232626,2.1891943759612307,7.5047309221014675,1.1566566106515261,19.41281881054985,16.937559495643157,19.15825343004055,8.948926771446324,12.39302248351144
36.401000022888184,11.399090953405707,9.686504337100208,23.767844869892002,32.05757841083397,13.180436030836246,9.559482667220976,7.341429741232626,2.1891943759612307,7.5047309221014675,1.1566566106515261,19.41281881054985,16.937559495643157,19.15825343004055,8.948926771446324,12.39302248351144
36.50099992752075,11.755645711651072,9.772121739319532,24.083660217845544,32.19894252883386,13.12256951199996,9.475728279549472,7.309198411296923,2.085760655063574,7.6379833681839315,1.187598987433885,19.498423405316053,17.01224895373283,19.242735469321495,8.909637992351845,12.230509531890984
36.6010000705719,12.017135761171868,9.81521380800179,24.403671963686595,32.34093001936682,13.007597519015134,9.517513343707423,7.309198411296923,2.1321558655317285,7.8078810240146055,1.235571494084624,19.670766729722736,17.01224895373283,19.327590048562165,8.754200228355717,11.807484514515396
36.70099997520447,12.070127655194309,9.772121739319532,24.511284694719937,32.19894252883386,12.950489819005215,9.601637062617552,7.406319418782513,2.2182833062940737,7.842311391781714,1.235571494084624,19.584405490168397,17.01224895373283,19.327590048562165,8.870521704127182,12.017135761171868
36.800999879837036,12.017135761171868,9.686504337100208,24.511284694719937,32.05757841083397,13.064957046519298,9.686504337100208,7.571063991653131,2.380078835493323,7.739473107295361,1.219369121280981,19.584405490168397,17.08726776949361,19.327590048562165,9.028024848126849,12.39302248351144
36.90000009536743,12.017135761171868,9.772121739319532,24.61937196499056,32.34093001936682,13.180436030836246,9.729218859219372,7.6044500687231045,2.401115956820121,7.8078810240146055,1.230146922320173,19.584405490168397,17.01224895373283,19.327590048562165,8.98838880204261,12.230509531890984
37.00200009346008,12.017135761171868,9.858495899529942,24.727935867071388,32.34093001936682,13.355571135177607,9.81521380800179,7.671664539241328,2.465349571144266,7.739473107295361,1.2086857487959175,19.498423405316053,16.937559495643157,19.15825343004055,8.79280357444183,11.964376519273106
37.1010000705719,12.230509531890984,10.03354130847825,24.296531688504693,32.48354363131511,13.414465119923227,9.90196885184663,7.739473107295361,2.380078835493323,7.739473107295361,1.1823850310051662,19.327590048562165,16.863197949234348,18.74137433857351,8.4514127039232,11.499845624144292
37.20199990272522,12.39302248351144,10.21169478741068,23.767844869892002,32.626786125682685,13.533033348022887,9.772121739319532,7.537824490618512,2.058409528986044,7.773601817067992,1.187598987433885,19.327590048562165,16.937559495643157,18.659093442202273,8.377366553036456,11.249611686415541
37.30200004577637,12.66869020457196,10.39301152257338,24.083660217845544,32.48354363131511,13.414465119923227,9.351470571350218,7.056390155281239,1.6159671166620455,7.8078810240146055,1.1980959775392783,19.327590048562165,16.937559495643157,18.74137433857351,8.377366553036456,11.200222131697483
37.40000009536743,12.780666652121,10.39301152257338,24.61937196499056,32.48354363131511,13.238557723325766,8.948926771446324,6.722994136233886,1.4476385046225677,7.91162827900879,1.2086857487959175,19.41281881054985,17.01224895373283,18.99040043623884,8.79280357444183,11.911848908077452
37.50099992752075,12.66869020457196,10.21169478741068,24.727935867071388,32.34093001936682,12.50256234988201,8.267511950000612,6.2659712940262455,1.331536596806792,7.842311391781714,1.1771939655875783,19.327590048562165,17.01224895373283,19.242735469321495,9.14798476979211,12.89363284088269
37.6010000705719,12.176813507833149,9.269538659467877,24.083660217845544,31.637198983920133,10.956507930737509,8.414308177845259,6.722994136233886,1.7646168969831084,8.052105510186841,1.1980959775392783,19.498423405316053,17.08726776949361,19.670766729722736,9.772121739319532,13.83405922504756
37.700000047683716,12.284442338995367,8.831577149479775,24.083660217845544,31.222332102598735,10.39301152257338,8.123276732764797,6.576703364077342,1.7568696391026253,8.30396914960214,1.2086857487959175,19.498423405316053,17.162617395292113,19.844633368135387,10.166862034732118,14.392879588825663
37.800999879837036,12.447671923038113,8.715766363859458,24.18986179493517,31.222332102598735,10.484873624404079,8.231214809688662,6.547829438494935,1.803868654912494,8.563710889072054,1.246492505204663,19.584405490168397,17.23829928989946,19.932142133057255,10.166862034732118,14.204141986887977
37.90000009536743,12.557694826723509,8.909637992351845,24.296531688504693,31.360013039786807,10.718096893505109,8.4514127039232,6.782417564237265,1.9016722131626984,8.948926771446324,1.3256907061716066,19.757508795935365,17.162617395292113,19.932142133057255,9.729218859219372,13.355571135177607
38.00099992752075,12.557694826723509,9.06783567705413,24.511284694719937,31.498301107806835,11.053350683683199,8.639404106579988,6.872538968796292,1.9354379106515591,9.475728279549472,1.3914322485513055,20.020036784873373,17.23829928989946,19.932142133057255,9.351470571350218,12.66869020457196
38.1010000705719,12.447671923038113,9.107822059563345,24.511284694719937,31.637198983920133,11.399090953405707,9.028024848126849,7.2133509770346365,2.151001636924649,9.729218859219372,1.434955174285027,20.020036784873373,17.23829928989946,19.844633368135387,9.06783567705413,12.230509531890984
38.200000047683716,12.284442338995367,9.107822059563345,24.61937196499056,31.637198983920133,11.652649875732186,9.43412666578698,7.5047309221014675,2.390574255360596,9.772121739319532,1.422382967593298,20.10831902522696,17.23829928989946,19.757508795935365,9.06783567705413,12.284442338995367
38.300999879837036,12.176813507833149,9.14798476979211,24.61937196499056,31.776709357193916,11.859551910648717,9.686504337100208,7.739473107295361,2.6104786916801737,9.643977346007558,1.361155009880663,19.932142133057255,17.23829928989946,19.670766729722736,9.310414490451379,12.837025483894683
38.40000009536743,12.12335322726516,9.06783567705413,24.511284694719937,31.776709357193916,11.964376519273106,9.81521380800179,7.876893586942316,2.704003929214813,9.392707697011407,1.3140758084619286,19.932142133057255,17.162617395292113,19.757508795935365,9.517513343707423,13.180436030836246
38.50200009346008,12.230509531890984,9.188324585291745,24.61937196499056,31.776709357193916,11.964376519273106,9.772121739319532,7.876893586942316,2.564936216088841,9.43412666578698,1.3374082660320807,19.844633368135387,17.162617395292113,19.844633368135387,9.601637062617552,13.12256951199996
38.6010000705719,12.338612973287132,9.269538659467877,24.511284694719937,31.776709357193916,11.911848908077452,9.517513343707423,7.571063991653131,2.2876694943005043,9.686504337100208,1.3914322485513055,20.020036784873373,17.23829928989946,20.020036784873373,9.43412666578698,12.837025483894683
38.700000047683716,12.557694826723509,9.351470571350218,24.61937196499056,31.776709357193916,11.859551910648717,9.188324585291745,7.27710858767076,2.00477856104803,9.90196885184663,1.4604339408093596,20.10831902522696,17.390665752817103,20.020036784873373,9.188324585291745,12.338612973287132
38.80200004577637,12.66869020457196,9.43412666578698,24.727935867071388,31.916834928553378,11.859551910648717,8.948926771446324,7.0875066781134,1.7880642521125318,10.03354130847825,1.4798394635104992,20.10831902522696,17.31431491851947,20.020036784873373,8.948926771446324,11.807484514515396
38.901000022888184,12.66869020457196,9.43412666578698,24.727935867071388,31.916834928553378,11.859551910648717,8.948926771446324,7.0875066781134,1.7880642521125318,10.03354130847825,1.4798394635104992,20.10831902522696,17.31431491851947,20.020036784873373,8.948926771446324,11.807484514515396
39.00200009346008,12.780666652121,9.559482667220976,24.836978502762964,31.916834928553378,11.911848908077452,8.715766363859458,6.812325951720188,1.6230930375047308,10.166862034732118,1.5061151861671773,20.196990563264944,17.390665752817103,20.020036784873373,8.79280357444183,11.449357458815992
39.1010000705719,12.837025483894683,9.559482667220976,24.836978502762964,32.05757841083397,11.911848908077452,8.754200228355717,6.9332841987246745,1.6886571229917928,10.301954260748866,1.5328574551068501,20.196990563264944,17.31431491851947,20.020036784873373,8.909637992351845,11.55055642684306
39.200000047683716,12.837025483894683,9.559482667220976,24.836978502762964,31.916834928553378,11.911848908077452,8.79280357444183,6.9638578619326275,1.7414770131662598,10.301954260748866,1.5328574551068501,20.196990563264944,17.390665752817103,20.10831902522696,8.948926771446324,11.499845624144292
39.300999879837036,12.89363284088269,9.601637062617552,24.836978502762964,31.916834928553378,12.017135761171868,8.909637992351845,6.994566345646295,1.7802140525073527,10.34738272883471,1.539616887755934,20.10831902522696,17.390665752817103,20.10831902522696,8.909637992351845,11.399090953405707
39.40000009536743,12.837025483894683,9.643977346007558,24.836978502762964,32.05757841083397,12.070127655194309,8.98838880204261,7.056390155281239,1.7802140525073527,10.39301152257338,1.5328574551068501,20.196990563264944,17.31431491851947,20.020036784873373,8.870521704127182,11.449357458815992
39.50200009346008,12.89363284088269,9.643977346007558,24.836978502762964,32.05757841083397,12.070127655194309,9.107822059563345,7.181681955675346,1.8278375679558183,10.34738272883471,1.539616887755934,20.10831902522696,17.31431491851947,20.10831902522696,9.028024848126849,11.652649875732186
39.60199999809265,12.89363284088269,9.643977346007558,24.836978502762964,32.05757841083397,12.12335322726516,9.188324585291745,7.27710858767076,1.9100580061160366,10.34738272883471,1.5328574551068501,20.10831902522696,17.31431491851947,20.020036784873373,8.98838880204261,11.652649875732186
39.700000047683716,12.780666652121,9.601637062617552,24.836978502762964,32.05757841083397,12.176813507833149,9.392707697011407,7.438979022662883,2.058409528986044,10.25672523881928,1.5061151861671773,20.10831902522696,17.390665752817103,20.020036784873373,9.06783567705413,11.859551910648717
39.800999879837036,12.780666652121,9.601637062617552,24.727935867071388,32.05757841083397,12.230509531890984,9.43412666578698,7.47178264540948,2.104196346900706,10.077786157521782,1.4733424737303764,20.020036784873373,17.31431491851947,20.020036784873373,9.188324585291745,12.017135761171868
39.90000009536743,12.837025483894683,9.729218859219372,24.836978502762964,32.19894252883386,12.284442338995367,9.310414490451379,7.245159649094146,1.7723983179018334,10.166862034732118,1.4798394635104992,20.020036784873373,17.31431491851947,19.844633368135387,8.948926771446324,11.859551910648717
40.00099992752075,13.007597519015134,9.858495899529942,24.94650198313411,32.19894252883386,12.230509531890984,8.563710889072054,6.490461329331553,1.3551790845141507,10.34738272883471,1.512756693587676,20.196990563264944,17.31431491851947,19.844633368135387,9.107822059563345,11.964376519273106
40.1010000705719,13.007597519015134,9.945633506589568,25.05650842856284,32.05757841083397,11.964376519273106,7.773601817067992,5.738131365740667,1.0923524823700352,10.438841525339738,1.492919518622036,20.28605311567106,17.31431491851947,20.020036784873373,9.392707697011407,12.66869020457196
40.20099997520447,13.064957046519298,9.858495899529942,25.05650842856284,32.19894252883386,11.601490848675025,7.47178264540948,5.588626840539726,1.0732952740411483,10.438841525339738,1.4604339408093596,20.37550840669912,17.390665752817103,20.020036784873373,9.772121739319532,13.473618809132564
40.300999879837036,12.724555254452897,9.559482667220976,24.836978502762964,31.637198983920133,11.053350683683199,7.406319418782513,5.588626840539726,1.1465226871387508,10.39301152257338,1.422382967593298,20.37550840669912,17.390665752817103,20.10831902522696,10.301954260748866,14.520095859831812
40.40000009536743,12.284442338995367,9.107822059563345,24.403671963686595,30.948780970391937,10.166862034732118,6.9638578619326275,5.324578807540498,1.1265204240824227,10.531108710949274,1.4412828878129345,20.46535816820634,17.390665752817103,20.28605311567106,10.812832370909709,15.510754333283666
40.50099992752075,11.859551910648717,8.414308177845259,24.083660217845544,30.275342771024615,9.14798476979211,6.782417564237265,5.254756210244287,1.230146922320173,10.956507930737509,1.512756693587676,20.737291708931906,17.54437895758159,20.646248068305677,11.102092580226902,15.995918745438377
40.60199999809265,11.449357458815992,7.946516140445859,23.66349608813366,30.142423898793396,9.028024848126849,7.245159649094146,5.687857339870604,1.4995028371837245,11.249611686415541,1.5532253055870997,20.737291708931906,17.54437895758159,20.737291708931906,11.249611686415541,16.27993896179133
40.700000047683716,11.004822780353978,7.671664539241328,23.456170891360763,29.87833426711961,9.188324585291745,7.91162827900879,6.211072654929601,1.9269406914358098,11.299219033967221,1.5261276986259749,20.737291708931906,17.467353270946894,20.737291708931906,11.349045134752322,16.496258725574094
40.800999879837036,10.671040866350461,7.6379833681839315,23.250662152183853,29.87833426711961,9.392707697011407,8.4514127039232,6.872538968796292,2.2977574172306956,11.102092580226902,1.492919518622036,20.737291708931906,17.467353270946894,20.646248068305677,11.55055642684306,16.789162874864548
40.90000009536743,10.122226112820098,7.705494233963822,23.250662152183853,29.87833426711961,9.686504337100208,9.028024848126849,7.406319418782513,2.6451654392944937,10.812832370909709,1.3671572872506808,20.46535816820634,17.390665752817103,20.37550840669912,11.704034498454895,17.162617395292113
41.00399994850159,9.772121739319532,7.739473107295361,23.148583975389265,30.01008858483033,10.122226112820098,9.517513343707423,7.842311391781714,3.005168414849175,10.671040866350461,1.2854818277449063,20.37550840669912,17.31431491851947,20.10831902522696,11.807484514515396,17.390665752817103
41.1010000705719,9.559482667220976,7.705494233963822,23.046953955903465,30.142423898793396,10.166862034732118,9.858495899529942,8.159097899163577,3.3546035995317816,10.438841525339738,1.246492505204663,20.28605311567106,17.31431491851947,20.020036784873373,11.911848908077452,17.69945080782031
41.20099997520447,9.43412666578698,7.705494233963822,22.94577012616611,30.142423898793396,10.301954260748866,10.21169478741068,8.4514127039232,3.6793408205725355,10.03354130847825,1.1265204240824227,20.020036784873373,17.162617395292113,19.757508795935365,12.017135761171868,18.01371858623092
41.300999879837036,9.43412666578698,7.705494233963822,22.94577012616611,30.142423898793396,10.301954260748866,10.21169478741068,8.4514127039232,3.6793408205725355,10.03354130847825,1.1265204240824227,20.020036784873373,17.162617395292113,19.757508795935365,12.017135761171868,18.01371858623092
41.40000009536743,9.559482667220976,7.8078810240146055,23.046953955903465,30.142423898793396,10.438841525339738,10.39301152257338,8.526113336433308,3.663187284801741,9.989490709107839,1.1215746229581565,19.932142133057255,17.162617395292113,19.670766729722736,12.230509531890984,18.41441185997417
41.50200009346008,9.729218859219372,7.8078810240146055,23.046953955903465,30.01008858483033,10.438841525339738,10.21169478741068,8.377366553036456,3.3842543833101413,10.21169478741068,1.1823850310051662,20.10831902522696,17.162617395292113,19.844633368135387,12.284442338995367,18.25307595474245
41.60199999809265,9.858495899529942,7.876893586942316,23.148583975389265,30.142423898793396,10.34738272883471,10.077786157521782,8.267511950000612,3.1961073343091506,10.438841525339738,1.235571494084624,20.28605311567106,17.31431491851947,20.020036784873373,12.230509531890984,18.01371858623092
41.70199990272522,10.077786157521782,7.91162827900879,23.148583975389265,30.142423898793396,10.301954260748866,9.772121739319532,8.016754076130571,2.8884892405090867,10.765360423350387,1.3256907061716066,20.46535816820634,17.390665752817103,20.196990563264944,12.070127655194309,17.54437895758159
41.80200004577637,10.122226112820098,7.946516140445859,23.148583975389265,30.142423898793396,10.34738272883471,9.81521380800179,8.052105510186841,2.978838952346094,10.908405199456796,1.3492293954570427,20.37550840669912,17.31431491851947,20.196990563264944,12.12335322726516,17.621744303940886
41.901999950408936,10.166862034732118,7.91162827900879,23.250662152183853,30.142423898793396,10.39301152257338,9.90196885184663,8.159097899163577,3.0184202886171168,10.860513655241459,1.331536596806792,20.37550840669912,17.390665752817103,20.196990563264944,12.230509531890984,17.93463234178172
42.013999938964844,10.122226112820098,7.91162827900879,23.250662152183853,30.142423898793396,10.484873624404079,10.03354130847825,8.267511950000612,3.112834143256046,10.908405199456796,1.3492293954570427,20.37550840669912,17.31431491851947,20.196990563264944,12.176813507833149,17.855893312374842
42.1010000705719,10.166862034732118,7.946516140445859,23.250662152183853,30.275342771024615,10.531108710949274,10.166862034732118,8.340587114305775,3.182075355030855,10.908405199456796,1.3492293954570427,20.37550840669912,17.390665752817103,20.196990563264944,12.176813507833149,17.855893312374842
42.200000047683716,10.077786157521782,7.946516140445859,23.250662152183853,30.275342771024615,10.671040866350461,10.21169478741068,8.414308177845259,3.2102011903252654,10.908405199456796,1.3433058275231726,20.28605311567106,17.31431491851947,20.28605311567106,12.176813507833149,17.855893312374842
42.300999879837036,10.166862034732118,7.981557846683609,23.148583975389265,30.275342771024615,10.671040866350461,10.166862034732118,8.414308177845259,3.182075355030855,10.908405199456796,1.3551790845141507,20.37550840669912,17.31431491851947,20.37550840669912,12.176813507833149,17.69945080782031
42.40000009536743,10.25672523881928,8.016754076130571,23.35319046252392,30.275342771024615,10.62419143088028,10.122226112820098,8.340587114305775,3.0855613789583147,10.956507930737509,1.3731860328284817,20.28605311567106,17.390665752817103,20.37550840669912,12.12335322726516,17.69945080782031
42.50099992752075,10.25672523881928,8.016754076130571,23.250662152183853,30.408847774837515,10.62419143088028,10.166862034732118,8.340587114305775,3.1265607899634795,11.004822780353978,1.3853233959889295,20.37550840669912,17.31431491851947,20.37550840669912,12.070127655194309,17.69945080782031
42.6010000705719,10.301954260748866,8.052105510186841,23.148583975389265,30.275342771024615,10.765360423350387,10.25672523881928,8.4514127039232,3.1961073343091506,11.004822780353978,1.379241363330769,20.46535816820634,17.467353270946894,20.28605311567106,11.964376519273106,17.54437895758159
42.700000047683716,10.34738272883471,8.123276732764797,23.35319046252392,30.542941494893117,10.860513655241459,10.301954260748866,8.4514127039232,3.0855613789583147,11.102092580226902,1.3975680392854741,20.46535816820634,17.467353270946894,20.10831902522696,11.755645711651072,17.162617395292113
42.800999879837036,10.577547680088044,8.231214809688662,23.456170891360763,30.542941494893117,10.956507930737509,10.03354130847825,8.087612833257287,2.7159277596933036,11.200222131697483,1.3975680392854741,20.55560413968692,17.54437895758159,20.020036784873373,11.807484514515396,17.31431491851947
42.901000022888184,10.860513655241459,8.414308177845259,23.559605432398694,30.812905479414756,11.004822780353978,9.601637062617552,7.6379833681839315,2.3282888794733982,11.249611686415541,1.3731860328284817,20.55560413968692,17.621744303940886,19.844633368135387,11.859551910648717,17.54437895758159
43.00099992752075,11.15104941362972,8.526113336433308,23.559605432398694,30.812905479414756,10.860513655241459,9.188324585291745,7.309198411296923,2.113475209354575,11.299219033967221,1.3433058275231726,20.55560413968692,17.621744303940886,19.584405490168397,12.12335322726516,18.09315357683459
43.10199999809265,11.200222131697483,8.414308177845259,23.559605432398694,30.677626527250066,10.077786157521782,8.159097899163577,6.605704614842299,1.7414770131662598,11.349045134752322,1.268624967656157,20.646248068305677,17.621744303940886,19.584405490168397,12.557694826723509,18.99040043623884
43.200000047683716,10.531108710949274,8.231214809688662,23.250662152183853,30.01008858483033,9.858495899529942,7.025410244382886,5.371641874829657,1.1720256906819329,11.15104941362972,1.1928359358160943,20.28605311567106,17.54437895758159,19.41281881054985,13.355571135177607,20.37550840669912
43.30200004577637,11.349045134752322,8.948926771446324,23.456170891360763,30.275342771024615,8.488680849615061,3.5209597591390147,2.338555921471321,0.6821768194351565,10.484873624404079,1.068583149112436,19.757508795935365,17.23829928989946,18.25307595474245,14.266777909607677,22.347928032734075
43.40000009536743,12.39302248351144,9.729218859219372,23.872653797869393,29.228188736405713,5.073006354987078,0.8315478888283129,0,0.6791818352268065,9.945633506589568,1.0270941600307948,19.242735469321495,17.23829928989946,17.777499973620195,15.17324396481299,23.872653797869393
43.50099992752075,11.704034498454895,8.909637992351845,23.046953955903465,25.501406596538306,2.4223390217665663,0,0,0,8.754200228355717,0.9000847182415999,18.495613785388237,17.08726776949361,17.69945080782031,16.27993896179133,25.61386000162951
43.60199999809265,10.39301152257338,6.902844764115364,20.737291708931906,21.86164237164931,1.2911504095215833,0,0,0.6791818352268065,7.739473107295361,0.7922594212575254,18.01371858623092,16.937559495643157,17.54437895758159,17.08726776949361,27.002612249116993
43.70099997520447,9.945633506589568,5.395329172919208,18.824018068537313,19.327590048562165,0.9828818211389238,0,0,0,6.782417564237265,0.7384023681154672,16.937559495643157,16.642066415249307,16.496258725574094,17.467353270946894,27.970030881072578
43.800999879837036,9.351470571350218,4.876040956975726,18.17293885145663,18.99040043623884,0.9872160294176279,0,0,0.6791818352268065,6.2936023113801145,0.7160062459194508,16.35172851441855,16.35172851441855,15.925691316602105,17.69945080782031,28.466660949570915
43.90000009536743,9.351470571350218,4.876040956975726,18.17293885145663,18.99040043623884,0.9872160294176279,0,0,0.6791818352268065,6.2936023113801145,0.7160062459194508,16.35172851441855,16.35172851441855,15.925691316602105,17.69945080782031,28.466660949570915
44.00099992752075,9.228842287042346,4.769939451871261,18.01371858623092,18.824018068537313,0.9405726484672083,0,0,0.6791818352268065,6.576703364077342,0.7351605349588596,16.423834637020548,16.569002182211822,16.06645585576118,17.855893312374842,28.59219021962265
44.1010000705719,9.14798476979211,4.707389985798252,17.621744303940886,18.33356643814887,0.7957530430426111,0,0,0.6791818352268065,7.2133509770346365,0.7614990237108463,17.31431491851947,16.789162874864548,16.715452839212396,17.93463234178172,28.59219021962265
44.200000047683716,8.377366553036456,4.666146690578583,17.162617395292113,18.824018068537313,0.8804990863386648,0,0,0.6791818352268065,7.571063991653131,0.8098822690686521,17.777499973620195,16.937559495643157,17.08726776949361,18.01371858623092,28.59219021962265
44.30299997329712,7.309198411296923,4.790973426268367,17.621744303940886,19.584405490168397,1.1928359358160943,0,0,0.6791818352268065,7.739473107295361,0.8500446608442579,18.09315357683459,17.01224895373283,17.162617395292113,17.93463234178172,28.59219021962265
44.401000022888184,6.0492458494633015,4.254314358875424,17.855893312374842,20.10831902522696,1.6665133195977933,0,0,0.6791818352268065,7.671664539241328,0.8170406838659873,18.09315357683459,17.08726776949361,17.01224895373283,18.09315357683459,28.718273035370085
44.50099992752075,5.687857339870604,3.777768952943422,17.467353270946894,19.932142133057255,1.978489374392008,0,0,0.6791818352268065,7.6379833681839315,0.8134536022237463,18.09315357683459,17.01224895373283,17.01224895373283,18.09315357683459,28.718273035370085
44.6010000705719,5.3012021271984375,3.6151509499380157,17.23829928989946,20.196990563264944,2.247758755922417,0,0,0.6791818352268065,7.6379833681839315,0.8134536022237463,18.09315357683459,17.08726776949361,17.08726776949361,18.09315357683459,28.844911837780483
44.700000047683716,5.140413950246176,3.631092660160949,17.162617395292113,20.737291708931906,2.7641512098234853,0,0,0.6791818352268065,7.537824490618512,0.8063266152595828,17.93463234178172,17.01224895373283,16.789162874864548,18.17293885145663,28.844911837780483
44.800999879837036,4.584740980415716,3.8618008313118093,17.69945080782031,21.198567556205997,3.1541959412421714,0.688206466984126,0,0.6791818352268065,7.309198411296923,0.7922594212575254,17.777499973620195,16.789162874864548,16.06645585576118,18.17293885145663,28.844911837780483
44.90000009536743,4.484978094330785,3.777768952943422,17.621744303940886,21.385938172247712,3.6151509499380157,0.9241633948612642,0.7287195043519559,0.6821768194351565,7.245159649094146,0.7784376438687195,17.621744303940886,16.789162874864548,15.925691316602105,18.17293885145663,29.099867220326203
45.00200009346008,3.325212597932623,3.1541959412421714,16.569002182211822,20.646248068305677,3.5834771905210596,1.0499406211573654,0.8727846875172217,0.6821768194351565,6.634833752254918,0.7160062459194508,16.863197949234348,16.642066415249307,15.579152016905853,18.25307595474245,29.228188736405713
45.1010000705719,0.9657344406638224,0.7449289839461652,7.705494233963822,12.613070420929082,2.3282888794733982,1.4604339408093596,1.5877749145186102,0.6791818352268065,5.324578807540498,0.6821768194351565,10.860513655241459,14.71303170030847,14.90853117665226,19.074142295144394,30.408847774837515
